condition,training_regime,N,final_parity_accuracy
no_cot,staged,4,1.0
no_cot,staged,8,0.953125
no_cot,staged,16,0.98504638671875
no_cot,staged,32,0.4986572265625
no_cot,staged,64,0.5047607421875
filler_cot,staged,4,1.0
filler_cot,staged,8,1.0
filler_cot,staged,16,0.98590087890625
filler_cot,staged,32,0.502197265625
filler_cot,staged,64,0.4991455078125
no_cot_end_to_end,end_to_end,16,0.50018310546875
filler_cot_end_to_end,end_to_end,16,0.52227783203125
normal_cot,task_specific,4,1.0
normal_cot,task_specific,8,1.0
normal_cot,task_specific,16,1.0
normal_cot,task_specific,32,1.0
normal_cot,task_specific,64,1.0
normal_cot,task_specific,256,1.0
normal_cot,task_specific,512,1.0
normal_cot,task_specific,1024,1.0
encrypted_cot,task_specific,4,1.0
encrypted_cot,task_specific,8,1.0
encrypted_cot,task_specific,16,1.0
encrypted_cot,task_specific,32,1.0
encrypted_cot,task_specific,64,1.0
encrypted_cot,task_specific,256,0.999267578125
encrypted_cot,task_specific,512,0.999755859375
encrypted_cot,task_specific,1024,0.998291015625
