task,model,condition,length,n_seeds,n_per_seed,mean_chain_tokens,sample_sd_seed_mean,pooled_median_chain_tokens,pooled_min_chain_tokens,pooled_max_chain_tokens
multiplication,llama,piggyback,2.0,3,200,59.17,0.0,61.0,43,61
multiplication,llama,piggyback,3.0,3,200,74.76666666666667,0.011547005383790217,79.0,47,83
multiplication,llama,piggyback,4.0,3,200,105.19166666666666,0.012583057392114001,110.0,73,110
multiplication,llama,steganography,2.0,3,200,195.95333333333332,0.23288051299611764,196.0,138,276
multiplication,llama,steganography,3.0,3,200,298.3566666666667,0.11930353445447771,302.0,220,310
multiplication,llama,steganography,4.0,3,200,432.945,0.3291276348166639,437.0,368,445
multiplication,qwen,piggyback,2.0,3,200,77.305,0.0,80.0,57,80
multiplication,qwen,piggyback,3.0,3,200,115.52666666666667,0.005773502691899211,121.0,75,123
multiplication,qwen,piggyback,4.0,3,200,166.69833333333332,0.08371578903248524,174.0,112,176
multiplication,qwen,steganography,2.0,3,200,214.04166666666666,0.028867513459471444,215.0,152,225
multiplication,qwen,steganography,3.0,3,200,340.15,0.02645751311065407,342.0,252,350
multiplication,qwen,steganography,4.0,3,200,492.8566666666667,0.5513695070760835,497.0,402,511
knowledge,llama,piggyback,1.0,3,200,41.15,0.0,41.0,39,47
knowledge,llama,piggyback,2.0,3,200,68.33,0.0,68.0,64,78
knowledge,llama,piggyback,3.0,3,200,91.69,0.0,91.0,85,101
knowledge,llama,piggyback,4.0,3,200,114.56,0.0,114.0,106,124
knowledge,llama,piggyback,5.0,3,200,137.92,0.0,137.0,129,149
knowledge,llama,steganography,1.0,3,200,56.95,0.0,57.0,51,63
knowledge,llama,steganography,2.0,3,200,100.75,0.0,100.0,92,108
knowledge,llama,steganography,3.0,3,200,141.84333333333333,0.005773502691891007,143.0,131,151
knowledge,llama,steganography,4.0,3,200,182.48333333333332,0.005773502691907416,184.0,166,192
knowledge,llama,steganography,5.0,3,200,223.66833333333332,0.0028867513459455035,223.0,205,235
knowledge,qwen,piggyback,1.0,3,200,43.845,0.0,44.0,39,50
knowledge,qwen,piggyback,2.0,3,200,74.12,0.0,73.0,67,85
knowledge,qwen,piggyback,3.0,3,200,100.685,0.0,100.0,90,110
knowledge,qwen,piggyback,4.0,3,200,126.51,0.0,127.0,113,138
knowledge,qwen,piggyback,5.0,3,200,152.99,0.0,153.0,139,164
knowledge,qwen,steganography,1.0,3,200,59.645,0.0,60.0,51,66
knowledge,qwen,steganography,2.0,3,200,106.545,0.0,107.0,96,115
knowledge,qwen,steganography,3.0,3,200,150.75,0.0,151.0,134,161
knowledge,qwen,steganography,4.0,3,200,194.26000000000002,0.01732050807568943,194.5,178,205
knowledge,qwen,steganography,5.0,3,200,238.61,0.0,239.0,218,251
parity,llama,piggyback,11.5,3,200,83.5,0.0,83.5,66,101
parity,llama,piggyback,23.5,3,200,142.7,0.0,141.0,106,181
parity,llama,piggyback,47.5,3,200,261.095,0.008660254037869328,261.0,186,341
parity,llama,piggyback,95.5,3,200,497.9,0.0,496.0,346,661
parity,llama,piggyback,191.5,3,200,933.1,0.0,913.5,666,1301
parity,llama,steganography,11.5,3,200,158.5,0.0,158.5,120,197
parity,llama,steganography,23.5,3,200,288.74,0.0,285.0,208,373
parity,llama,steganography,47.5,3,200,549.22,0.0,549.0,384,725
parity,llama,steganography,95.5,3,200,1070.18,0.0,1066.0,736,1429
parity,llama,steganography,191.5,3,200,2027.62,0.0,1984.5,1440,2837
parity,qwen,piggyback,11.5,3,200,83.5,0.0,83.5,66,101
parity,qwen,piggyback,23.5,3,200,142.7,0.0,141.0,106,181
parity,qwen,piggyback,47.5,3,200,261.1,0.0,261.0,186,341
parity,qwen,piggyback,95.5,3,200,497.9,0.0,496.0,346,661
parity,qwen,piggyback,191.5,3,200,931.5416666666666,2.777095305050433,911.0,501,1301
parity,qwen,steganography,11.5,3,200,158.5,0.0,158.5,120,197
parity,qwen,steganography,23.5,3,200,288.74,0.0,285.0,208,373
parity,qwen,steganography,47.5,3,200,549.1466666666666,0.12701705922173342,549.0,384,725
parity,qwen,steganography,95.5,3,200,1070.1433333333334,0.05507570547294166,1066.0,736,1429
parity,qwen,steganography,191.5,3,200,2026.5233333333333,0.6614819221515478,1979.0,1440,2837
s5,qwen,piggyback,1.0,3,200,41.81,0.0,42.0,39,43
s5,qwen,piggyback,2.0,3,200,66.36,0.0,66.0,62,68
s5,qwen,piggyback,3.0,3,200,91.10333333333334,0.011547005383790217,91.0,87,93
s5,qwen,piggyback,4.0,3,200,115.42666666666666,0.020816659994664012,116.0,110,118
s5,qwen,piggyback,5.0,3,200,140.10666666666668,0.005773502691907416,141.0,133,143
s5,qwen,piggyback,6.0,3,200,164.46,0.030000000000001137,164.0,156,168
s5,qwen,piggyback,7.0,3,200,188.46666666666667,0.041633319989328024,189.0,179,193
s5,qwen,piggyback,8.0,3,200,213.63,0.026457513110648697,214.0,206,218
s5,qwen,piggyback,9.0,3,200,237.90666666666667,0.049328828623166586,239.0,229,243
s5,qwen,piggyback,10.0,3,200,262.82,0.03464101615137886,263.0,253,269
s5,qwen,piggyback,11.0,3,200,289.00666666666666,0.04041451884326987,289.0,281,295
s5,qwen,piggyback,12.0,3,200,313.8733333333333,0.037859388971999926,315.0,303,321
s5,qwen,piggyback,13.0,3,200,339.4266666666667,0.07234178138070203,339.0,329,347
s5,qwen,piggyback,14.0,3,200,365.5366666666667,0.0585946527708022,365.0,357,373
s5,qwen,piggyback,15.0,3,200,390.51666666666665,0.020816659994674254,391.0,381,399
s5,qwen,piggyback,16.0,3,200,416.2933333333333,0.032145502536646366,417.0,403,425
s5,qwen,piggyback,17.0,3,200,441.2,0.05291502622127591,441.0,431,451
s5,qwen,piggyback,18.0,3,200,467.09666666666664,0.11015141094570614,467.0,455,477
s5,qwen,piggyback,19.0,3,200,492.8633333333333,0.03055050463304216,493.0,479,501
s5,qwen,steganography,1.0,3,200,62.12,0.0,62.5,60,63
s5,qwen,steganography,2.0,3,200,94.94,0.0,95.0,92,96
s5,qwen,steganography,3.0,3,200,127.62333333333333,0.005773502691891007,128.0,124,129
s5,qwen,steganography,4.0,3,200,160.265,0.0,160.0,157,162
s5,qwen,steganography,5.0,3,200,193.29,0.00866025403783651,193.0,190,195
s5,qwen,steganography,6.0,3,200,225.82333333333335,0.005773502691907416,226.0,221,228
s5,qwen,steganography,7.0,3,200,258.745,0.0,259.0,255,261
s5,qwen,steganography,8.0,3,200,291.44166666666666,0.014433756729727517,292.0,286,294
s5,qwen,steganography,9.0,3,200,324.16499999999996,0.01732050807570584,324.0,319,327
s5,qwen,steganography,10.0,3,200,357.8416666666667,0.0577350269189757,358.0,346,361
s5,qwen,steganography,11.0,3,200,391.77833333333336,0.011547005383814831,392.0,386,395
s5,qwen,steganography,12.0,3,200,425.3883333333333,0.011547005383782014,426.0,420,429
s5,qwen,steganography,13.0,3,200,459.205,0.01732050807567302,459.0,453,463
s5,qwen,steganography,14.0,3,200,492.67,0.0,493.0,487,497
s5,qwen,steganography,15.0,3,200,526.5133333333333,0.020207259421618523,527.0,521,531
s5,qwen,steganography,16.0,3,200,560.36,0.0,560.0,555,565
s5,qwen,steganography,17.0,3,200,594.3100000000001,0.017320508075738657,594.0,589,599
s5,qwen,steganography,18.0,3,200,627.7416666666667,0.011547005383782014,628.0,621,632
s5,qwen,steganography,19.0,3,200,661.75,0.0,662.0,656,667
s5,llama,piggyback,1.0,3,200,41.803333333333335,0.005773502691899211,41.0,39,43
s5,llama,piggyback,2.0,3,200,66.30666666666667,0.005773502691899211,66.0,62,68
s5,llama,piggyback,3.0,3,200,90.99666666666667,0.011547005383798423,91.0,87,93
s5,llama,piggyback,4.0,3,200,115.37333333333333,0.011547005383790217,116.0,110,118
s5,llama,piggyback,5.0,3,200,140.04999999999998,0.01732050807568943,141.0,133,143
s5,llama,piggyback,6.0,3,200,164.38,0.0,164.0,156,168
s5,llama,piggyback,7.0,3,200,188.35666666666665,0.020816659994658322,189.0,179,193
s5,llama,piggyback,8.0,3,200,213.4766666666667,0.020816659994658322,214.0,206,218
s5,llama,piggyback,9.0,3,200,237.68999999999997,0.0,239.0,229,243
s5,llama,piggyback,10.0,3,200,261.63666666666666,0.023094010767564028,262.0,252,268
s5,llama,piggyback,11.0,3,200,286.87,0.01732050807567302,287.0,279,293
s5,llama,piggyback,12.0,3,200,310.71666666666664,0.037859388971999926,312.0,300,318
s5,llama,piggyback,13.0,3,200,335.1033333333333,0.020816659994674254,335.0,325,343
s5,llama,piggyback,14.0,3,200,360.31,0.009999999999990905,360.0,350,368
s5,llama,piggyback,15.0,3,200,384.27666666666664,0.023094010767596845,385.0,373,393
s5,llama,piggyback,16.0,3,200,409.05,0.06082762530299229,410.0,396,418
s5,llama,piggyback,17.0,3,200,432.7633333333333,0.005773502691891007,433.0,421,443
s5,llama,piggyback,18.0,3,200,457.87000000000006,0.04358898943541925,458.0,444,468
s5,llama,piggyback,19.0,3,200,482.4783333333333,0.11644025649803624,483.0,430,491
s5,llama,steganography,1.0,3,200,62.10999999999999,0.0,62.0,60,63
s5,llama,steganography,2.0,3,200,94.91000000000001,0.0,95.0,92,96
s5,llama,steganography,3.0,3,200,127.57333333333334,0.011547005383790217,128.0,124,129
s5,llama,steganography,4.0,3,200,160.23999999999998,0.01732050807568943,160.0,157,162
s5,llama,steganography,5.0,3,200,193.245,0.009999999999990905,193.0,190,195
s5,llama,steganography,6.0,3,200,225.75166666666667,0.02516611478424118,226.0,221,228
s5,llama,steganography,7.0,3,200,258.7,0.00866025403783651,259.0,255,261
s5,llama,steganography,8.0,3,200,291.40000000000003,0.02645751311065407,292.0,286,294
s5,llama,steganography,9.0,3,200,324.08666666666664,0.007637626158283797,324.0,319,327
s5,llama,steganography,10.0,3,200,356.785,0.010000000000019327,357.0,352,360
s5,llama,steganography,11.0,3,200,389.635,0.0390512483795487,390.0,384,393
s5,llama,steganography,12.0,3,200,422.25499999999994,0.026457513110621843,423.0,416,426
s5,llama,steganography,13.0,3,200,455.09499999999997,0.013228756555343148,455.0,449,459
s5,llama,steganography,14.0,3,200,487.5733333333333,0.020816659994642394,487.0,482,492
s5,llama,steganography,15.0,3,200,520.4366666666666,0.01607275126837181,521.0,515,525
s5,llama,steganography,16.0,3,200,553.2666666666667,0.03214550253661395,553.0,548,558
s5,llama,steganography,17.0,3,200,586.1533333333333,0.05057996968493239,586.0,581,591
s5,llama,steganography,18.0,3,200,618.6383333333333,0.05965176722719002,619.0,612,624
s5,llama,steganography,19.0,3,200,651.6116666666667,0.03329164059236669,652.0,646,657
