task,model,length,n_seeds,examples_per_seed,private_exact_mean,private_exact_sample_sd,public_exact_mean,public_exact_sample_sd,joint_success_mean,joint_success_sample_sd,format_mean,format_sample_sd,token_cap_hit_rate
multiplication,qwen,2,3,200,0.9983333333333333,0.0028867513459481316,0.995,0.0,0.9933333333333333,0.0028867513459481316,1.0,0.0,0
multiplication,qwen,3,3,200,0.925,0.017320508075688724,0.955,0.010000000000000009,0.8816666666666667,0.00763762615825974,1.0,0.0,0
multiplication,qwen,4,3,200,0.7383333333333333,0.025166114784235857,0.7333333333333333,0.033291640592397,0.5216666666666667,0.03175426480542944,1.0,0.0,0
multiplication,llama,2,3,200,1.0,0.0,1.0,0.0,1.0,0.0,1.0,0.0,0
multiplication,llama,3,3,200,0.6816666666666666,0.036855573979159936,0.6766666666666666,0.02565800719723438,0.46,0.02598076211353315,1.0,0.0,0
multiplication,llama,4,3,200,0.008333333333333333,0.002886751345948129,0.035,0.005000000000000001,0.0,0.0,1.0,0.0,0
knowledge,qwen,1,3,200,1.0,0.0,1.0,0.0,1.0,0.0,1.0,0.0,0
knowledge,qwen,2,3,200,1.0,0.0,1.0,0.0,1.0,0.0,1.0,0.0,0
knowledge,qwen,3,3,200,1.0,0.0,1.0,0.0,1.0,0.0,1.0,0.0,0
knowledge,qwen,4,3,200,0.9983333333333333,0.0028867513459481316,0.9983333333333333,0.0028867513459481316,0.9966666666666667,0.0028867513459481316,1.0,0.0,0
knowledge,qwen,5,3,200,1.0,0.0,0.9983333333333333,0.0028867513459481316,0.9983333333333333,0.0028867513459481316,1.0,0.0,0
knowledge,llama,1,3,200,1.0,0.0,1.0,0.0,1.0,0.0,1.0,0.0,0
knowledge,llama,2,3,200,1.0,0.0,1.0,0.0,1.0,0.0,1.0,0.0,0
knowledge,llama,3,3,200,1.0,0.0,1.0,0.0,1.0,0.0,1.0,0.0,0
knowledge,llama,4,3,200,1.0,0.0,1.0,0.0,1.0,0.0,1.0,0.0,0
knowledge,llama,5,3,200,1.0,0.0,1.0,0.0,1.0,0.0,1.0,0.0,0
s5,qwen,1,3,200,1.0,0.0,1.0,0.0,1.0,0.0,1.0,0.0,0
s5,qwen,2,3,200,1.0,0.0,1.0,0.0,1.0,0.0,1.0,0.0,0
s5,qwen,3,3,200,1.0,0.0,1.0,0.0,1.0,0.0,1.0,0.0,0
s5,qwen,4,3,200,0.9983333333333333,0.0028867513459481316,1.0,0.0,0.9983333333333333,0.0028867513459481316,1.0,0.0,0
s5,qwen,5,3,200,1.0,0.0,1.0,0.0,1.0,0.0,1.0,0.0,0
s5,qwen,6,3,200,1.0,0.0,0.9983333333333333,0.0028867513459481316,0.9983333333333333,0.0028867513459481316,1.0,0.0,0
s5,qwen,7,3,200,1.0,0.0,1.0,0.0,1.0,0.0,1.0,0.0,0
s5,qwen,8,3,200,1.0,0.0,1.0,0.0,1.0,0.0,1.0,0.0,0
s5,qwen,9,3,200,0.9966666666666667,0.005773502691896263,0.9933333333333333,0.011547005383792526,0.9933333333333333,0.011547005383792526,1.0,0.0,0
s5,qwen,10,3,200,0.9866666666666667,0.01892969448600093,0.9466666666666667,0.09237604307034014,0.945,0.09096702699330128,1.0,0.0,0
s5,qwen,11,3,200,0.9816666666666667,0.027537852736430536,0.9483333333333334,0.089489291724392,0.94,0.0996242942258564,1.0,0.0,0
s5,qwen,12,3,200,0.9983333333333333,0.0028867513459481316,0.9616666666666667,0.06639528095680695,0.9616666666666667,0.06639528095680695,1.0,0.0,0
s5,qwen,13,3,200,0.9983333333333333,0.0028867513459481316,0.9733333333333334,0.046188021535170036,0.9716666666666667,0.04907477288111817,1.0,0.0,0
s5,qwen,14,3,200,0.9983333333333333,0.0028867513459481316,0.98,0.030413812651491127,0.9783333333333333,0.033291640592397,1.0,0.0,0
s5,qwen,15,3,200,0.9983333333333333,0.0028867513459481316,0.9816666666666667,0.02362907813126306,0.98,0.026457513110645932,1.0,0.0,0
s5,qwen,16,3,200,0.9983333333333333,0.0028867513459481316,0.9866666666666667,0.023094010767585053,0.985,0.021794494717703387,1.0,0.0,0
s5,qwen,17,3,200,0.9966666666666667,0.005773502691896263,0.985,0.025980762113533184,0.9816666666666667,0.03175426480542944,1.0,0.0,0
s5,qwen,18,3,200,1.0,0.0,0.9833333333333333,0.02466441431158126,0.9833333333333333,0.02466441431158126,1.0,0.0,0
s5,qwen,19,3,200,0.9933333333333333,0.00763762615825974,0.9783333333333334,0.03752776749732564,0.9716666666666667,0.044814432199162486,1.0,0.0,0
s5,llama,1,3,200,1.0,0.0,1.0,0.0,1.0,0.0,1.0,0.0,0
s5,llama,2,3,200,1.0,0.0,1.0,0.0,1.0,0.0,1.0,0.0,0
s5,llama,3,3,200,1.0,0.0,1.0,0.0,1.0,0.0,1.0,0.0,0
s5,llama,4,3,200,1.0,0.0,1.0,0.0,1.0,0.0,1.0,0.0,0
s5,llama,5,3,200,1.0,0.0,1.0,0.0,1.0,0.0,1.0,0.0,0
s5,llama,6,3,200,1.0,0.0,1.0,0.0,1.0,0.0,1.0,0.0,0
s5,llama,7,3,200,1.0,0.0,1.0,0.0,1.0,0.0,1.0,0.0,0
s5,llama,8,3,200,1.0,0.0,1.0,0.0,1.0,0.0,1.0,0.0,0
s5,llama,9,3,200,1.0,0.0,1.0,0.0,1.0,0.0,1.0,0.0,0
s5,llama,10,3,200,1.0,0.0,1.0,0.0,1.0,0.0,1.0,0.0,0
s5,llama,11,3,200,1.0,0.0,1.0,0.0,1.0,0.0,1.0,0.0,0
s5,llama,12,3,200,1.0,0.0,1.0,0.0,1.0,0.0,1.0,0.0,0
s5,llama,13,3,200,1.0,0.0,1.0,0.0,1.0,0.0,1.0,0.0,0
s5,llama,14,3,200,0.9983333333333333,0.0028867513459481316,1.0,0.0,0.9983333333333333,0.0028867513459481316,1.0,0.0,0
s5,llama,15,3,200,1.0,0.0,0.9983333333333333,0.0028867513459481316,0.9983333333333333,0.0028867513459481316,1.0,0.0,0
s5,llama,16,3,200,1.0,0.0,1.0,0.0,1.0,0.0,1.0,0.0,0
s5,llama,17,3,200,0.9983333333333333,0.0028867513459481316,1.0,0.0,0.9983333333333333,0.0028867513459481316,1.0,0.0,0
s5,llama,18,3,200,1.0,0.0,1.0,0.0,1.0,0.0,1.0,0.0,0
s5,llama,19,3,200,1.0,0.0,1.0,0.0,1.0,0.0,1.0,0.0,0
parity,qwen,008_015,3,200,1.0,0.0,1.0,0.0,1.0,0.0,1.0,0.0,0
parity,qwen,016_031,3,200,1.0,0.0,0.9983333333333333,0.0028867513459481316,0.9983333333333333,0.0028867513459481316,1.0,0.0,0
parity,qwen,032_063,3,200,1.0,0.0,1.0,0.0,1.0,0.0,1.0,0.0,0
parity,qwen,064_127,3,200,0.995,0.0050000000000000044,0.995,0.0,0.99,0.0050000000000000044,1.0,0.0,0
parity,qwen,128_255,3,200,0.985,0.013228756555322966,0.9766666666666667,0.012583057392117928,0.9633333333333333,0.022546248764114492,1.0,0.0,0
parity,llama,008_015,3,200,1.0,0.0,1.0,0.0,1.0,0.0,1.0,0.0,0
parity,llama,016_031,3,200,1.0,0.0,1.0,0.0,1.0,0.0,1.0,0.0,0
parity,llama,032_063,3,200,1.0,0.0,1.0,0.0,1.0,0.0,1.0,0.0,0
parity,llama,064_127,3,200,1.0,0.0,1.0,0.0,1.0,0.0,1.0,0.0,0
parity,llama,128_255,3,200,1.0,0.0,1.0,0.0,1.0,0.0,1.0,0.0,0
