model_family,model_name,params_b,mechanism,experiment,d1_public_pct,d1_private_pct,d1_both_pct,d2_public_pct,d2_private_pct,d2_both_pct,d3_public_pct,d3_private_pct,d3_both_pct,d4_public_pct,d4_private_pct,d4_both_pct,d5_public_pct,d5_private_pct,d5_both_pct,d6_public_pct,d6_private_pct,d6_both_pct,d7_public_pct,d7_private_pct,d7_both_pct,d8_public_pct,d8_private_pct,d8_both_pct,d9_public_pct,d9_private_pct,d9_both_pct,d10_public_pct,d10_private_pct,d10_both_pct
DeepSeek V4,deepseek-v4-flash-0731,284,CoT + filler,multiplication,100,100,100,100,100,100,100,97,97,97,36,34,95,7,6,99,0,0,91,0,0,80,0,0,74,0,0,59.59596,0,0
DeepSeek V4,deepseek-v4-flash-0731,284,CoT + filler,parity,100,100,100,99,92,92,100,100,100,100,89,89,100,61,61,100,61,61,99,62,62,100,58,58,100,60,60,97,48,47
DeepSeek V4,deepseek-v4-flash-0731,284,CoT + filler,s5,55.102041,6.122449,3.061224,45,15,9,32,1,1,24.489796,3.061224,0,14.583333,0,0,12.631579,2.105263,0,13.684211,2.105263,0,13.402062,0,0,6.25,0,0,9.375,2.083333,0
DeepSeek V4,deepseek-v4-flash-0731,284,CoT,multiplication,100,100,100,100,100,100,100,97,97,100,34,34,99,3,3,95,0,0,95,0,0,88,0,0,77,0,0,51,0,0
DeepSeek V4,deepseek-v4-flash-0731,284,CoT,parity,100,100,100,99,93,93,100,99,99,100,85,85,100,54,54,100,55,55,100,68,68,100,51,51,100,61,61,99,56,55
DeepSeek V4,deepseek-v4-flash-0731,284,CoT,s5,70,23.232323,19.191919,52,16,10,28,8,3,25.252525,2.020202,1.010101,15.306122,0,0,13.541667,0,0,12.371134,0,0,10.416667,1.041667,1.041667,8.695652,0,0,11.578947,1.052632,0
DeepSeek V4,deepseek-v4-flash-0731,284,Piggy,multiplication,100,100,100,100,100,100,100,70,70,100,2,2,89,0,0,83,0,0,64.646465,0,0,47.474747,0,0,39,0,0,22,0,0
DeepSeek V4,deepseek-v4-flash-0731,284,Piggy,parity,100,100,100,99,75,75,100,84,84,100,85,85,100,83,83,100,92,92,100,88,88,100,90,90,95,82,82,96,89,89
DeepSeek V4,deepseek-v4-flash-0731,284,Piggy,s5,69.69697,34.343434,26.262626,45,18,6,30,9,6,27,4,3,29.896907,5.154639,4.123711,13,4,1,12.244898,1.020408,0,13.131313,2.020202,1.010101,17.346939,1.020408,0,9.278351,0,0
DeepSeek V4,deepseek-v4-flash-0731,284,vanilla + filler,multiplication,100,100,100,100,100,100,98,99,97,59,72,45,4,15,2,0,1,0,0,0,0,0,0,0,0,0,0,0,0,0
DeepSeek V4,deepseek-v4-flash-0731,284,vanilla + filler,parity,100,100,100,59,77,59,99,99,99,92,97,89,80,83,68,58,68,41,55,64,35,51,57,31,53,56,27,50,49,22
DeepSeek V4,deepseek-v4-flash-0731,284,vanilla + filler,s5,33,19,8,20,15,2,3,1,0,4,3,0,1,1,0,2,3,1,0,1,0,0,0,0,1,0,0,2,2,0
DeepSeek V4,deepseek-v4-flash-0731,284,vanilla,multiplication,100,100,100,100,100,100,98,100,98,65,88,61,9,40,5,1,1,0,0,0,0,0,0,0,0,0,0,1,1,1
DeepSeek V4,deepseek-v4-flash-0731,284,vanilla,parity,100,100,100,53,74,53,99,98,98,100,89,89,90,74,67,81,66,58,65,62,41,58,55,27,63,50,36,45,45,18
DeepSeek V4,deepseek-v4-flash-0731,284,vanilla,s5,41,34.343434,19.191919,24,17,1,1,6,0,4,4,0,2,2,0,2,1,0,0,1,0,0,0,0,1,2,0,2,0,0
DeepSeek V4,deepseek-v4-pro-0813,1600,CoT + filler,multiplication,100,100,100,100,100,100,100,99,99,100,86,86,98,39,38,98,2,2,89,0,0,65,0,0,48,0,0,34.343434,0,0
DeepSeek V4,deepseek-v4-pro-0813,1600,CoT + filler,parity,100,100,100,100,100,100,100,85,85,100,90,90,100,70,70,100,63,63,100,62,62,100,50,50,100,52,52,100,53,53
DeepSeek V4,deepseek-v4-pro-0813,1600,CoT + filler,s5,63,32.653061,21.428571,64,14,7,44.444444,2.020202,1.010101,34,4,1,35,3,1,31,2,1,29,0,0,33.333333,1.010101,0,19,1,0,24,0,0
DeepSeek V4,deepseek-v4-pro-0813,1600,CoT,multiplication,100,100,100,100,100,100,100,99,99,100,83,83,100,37,37,99,3,3,93,0,0,85,0,0,56,0,0,59,0,0
DeepSeek V4,deepseek-v4-pro-0813,1600,CoT,parity,100,100,100,100,100,100,100,97,97,100,94,94,100,80,80,100,63,63,100,61,61,100,54,54,100,51,51,100,52,52
DeepSeek V4,deepseek-v4-pro-0813,1600,CoT,s5,60.606061,47.474747,28.282828,64,20,12,45,5,3,40,3,0,35,1,0,33,1,1,29,0,0,28,2,0,22,1,0,17,3,0
DeepSeek V4,deepseek-v4-pro-0813,1600,Piggy,multiplication,100,99,99,100,100,100,100,82,82,100,76,76,99,46,46,99,20,20,100,3,3,88,1,1,84,0,0,56,0,0
DeepSeek V4,deepseek-v4-pro-0813,1600,Piggy,parity,100,100,100,100,100,100,100,100,100,100,100,100,100,100,100,100,100,100,100,100,100,100,100,100,100,100,100,100,100,100
DeepSeek V4,deepseek-v4-pro-0813,1600,Piggy,s5,68,48,37,67,25,18,42.857143,6.122449,3.061224,40.206186,5.154639,2.061856,25.531915,5.319149,2.12766,33.333333,2.150538,1.075269,30.851064,3.191489,0,24.468085,1.06383,0,10.869565,1.086957,0,13.333333,2.222222,0
DeepSeek V4,deepseek-v4-pro-0813,1600,vanilla + filler,multiplication,100,100,100,100,100,100,93,100,93,86,98,85,38,54,26,8,6,0,0,0,0,0,0,0,0,0,0,0,0,0
DeepSeek V4,deepseek-v4-pro-0813,1600,vanilla + filler,parity,100,100,100,92,88,88,68,71,51,86,98,85,87,73,64,76,71,53,54,65,38,62,57,38,55,58,31,49,48,24
DeepSeek V4,deepseek-v4-pro-0813,1600,vanilla + filler,s5,45,37,16,24,14,3,6,2,0,4,2,0,1,1,0,1,1,0,1,0,0,0,2,0,1,0,0,1,1,0
DeepSeek V4,deepseek-v4-pro-0813,1600,vanilla,multiplication,100,100,100,100,100,100,99,100,99,91,100,91,37,75,29,6,9,0,0,0,0,0,0,0,0,0,0,0,0,0
DeepSeek V4,deepseek-v4-pro-0813,1600,vanilla,parity,100,100,100,98,99,98,100,97,97,97,99,96,94,92,87,77,69,56,73,71,55,51,63,32,67,60,37,63,54,34
DeepSeek V4,deepseek-v4-pro-0813,1600,vanilla,s5,49,59,29,23,21,3,7,11,3,1,3,0,0,2,0,3,2,0,2,0,0,0,2,0,0,0,0,1,1,0
Kimi,kimi-k3,2800,CoT + filler,multiplication,100,100,100,100,100,100,100,100,100,100,66,66,99,11,11,99,0,0,92,0,0,68,0,0,52,0,0,22,0,0
Kimi,kimi-k3,2800,CoT + filler,parity,100,100,100,100,100,100,100,99,99,100,100,100,100,99,99,100,94,94,100,83,83,100,66,66,100,58,58,100,49,49
Kimi,kimi-k3,2800,CoT + filler,s5,80,57.894737,47.368421,70,30,20,55,10,10,27.777778,5.555556,5.555556,65,5,0,69.230769,7.692308,7.692308,40,0,0,60,6.666667,6.666667,25,0,0,35.714286,0,0
Kimi,kimi-k3,2800,CoT,multiplication,100,100,100,100,100,100,100,100,100,100,63,63,99,13,13,98,0,0,87,0,0,78,0,0,59,0,0,33,0,0
Kimi,kimi-k3,2800,CoT,parity,100,100,100,100,100,100,100,97,97,100,100,100,100,100,100,100,93,93,100,82,82,100,64,64,99,63,63,100,49,49
Kimi,kimi-k3,2800,CoT,s5,63.157895,55.555556,27.777778,65,25,15,65,10,5,35,5,5,38.888889,0,0,64.285714,7.142857,7.142857,31.25,0,0,53.333333,6.666667,6.666667,29.411765,0,0,50,0,0
Kimi,kimi-k3,2800,Piggy,multiplication,100,100,100,100,100,100,100,100,100,99,95,95,100,87.755102,87.755102,100,65,65,88,13,13,83,0,0,71,0,0,26,1,1
Kimi,kimi-k3,2800,Piggy,parity,100,100,100,100,100,100,100,100,100,100,100,100,100,100,100,100,100,100,100,100,100,100,100,100,100,100,100,100,100,100
Kimi,kimi-k3,2800,Piggy,s5,89.473684,77.777778,66.666667,83.333333,41.176471,41.176471,78.947368,15.789474,15.789474,42.105263,15.789474,10.526316,41.176471,5.882353,0,43.75,6.25,6.25,38.888889,11.111111,5.555556,40,0,0,37.5,0,0,42.105263,0,0
Kimi,kimi-k3,2800,steg,multiplication,100,100,100,88,95,86,40,72,31,32.323232,40.40404,14.141414,37.373737,7.070707,3.030303,21.428571,0,0,18.181818,0,0,13,0,0,7.070707,0,0,6.315789,0,0
Kimi,kimi-k3,2800,steg,parity,100,100,100,100,100,100,100,99,99,100,99,99,100,78,78,100,87,87,100,74,74,100,58.163265,58.163265,100,48,48,98.989899,51.515152,51.515152
Kimi,kimi-k3,2800,steg,s5,73.737374,96.969697,72.727273,71.875,96.875,68.75,54.081633,91.836735,47.959184,42.391304,83.695652,36.956522,42.222222,90,36.666667,55.294118,80,43.529412,41.463415,67.073171,25.609756,28.205128,69.230769,19.230769,27.160494,65.432099,17.283951,25.675676,57.534247,15.068493
Kimi,kimi-k3,2800,vanilla + filler,multiplication,100,100,100,100,100,100,100,100,100,89,100,89,25,63,15,2,0,0,0,0,0,0,0,0,0,0,0,0,0,0
Kimi,kimi-k3,2800,vanilla,multiplication,100,100,100,100,100,100,99,100,99,89,100,89,23,73,18,1,1,0,0,0,0,0,0,0,0,0,0,0,0,0
Mistral 3,mistral-14b,14,CoT + filler,multiplication,100,100,100,98,97,95,93,22,21,87.878788,1.010101,1.010101,80.808081,0,0,47.959184,0,0,25.252525,0,0,6.060606,0,0,1.010101,0,0,0,0,0
Mistral 3,mistral-14b,14,CoT + filler,parity,79,100,79,100,79,79,100,77,77,100,66,66,100,63,63,100,55,55,88,60,50,96,48,48,95,47,46,92,49,46
Mistral 3,mistral-14b,14,CoT + filler,s5,39.772727,12.5,2.777778,9,6,0,14.141414,1.020408,0,4,1.06383,0,5,0,0,2.040816,0,0,5.154639,2.105263,0,5.102041,0,0,10.204082,2.197802,0,11.956522,1.162791,0
Mistral 3,mistral-14b,14,CoT,multiplication,100,100,100,99,98,97,98,20,20,97,2,2,85.858586,0,0,62.626263,0,0,23.232323,0,0,1.010101,0,0,1.041667,0,0,0,0,0
Mistral 3,mistral-14b,14,CoT,parity,100,100,100,100,84,84,99,82,82,100,69,69,100,62,62,99,57,56,89,56,47,97,50,50,97,48,48,97,52,50
Mistral 3,mistral-14b,14,CoT,s5,32.989691,12.359551,2.247191,13,7.291667,0,18.181818,1.020408,0,9.090909,1.075269,0,4.123711,0,0,4.123711,0,0,6.122449,2.12766,0,6.185567,0,0,6.122449,2.105263,0,8.602151,0,0
Mistral 3,mistral-14b,14,Piggy,multiplication,99,100,99,100,94,94,96.938776,10.204082,10.204082,92,1,1,81,0,0,64.285714,0,0,18.556701,0,0,5.434783,0,0,0,0,0,0,0,0
Mistral 3,mistral-14b,14,Piggy,parity,57,100,57,100,100,100,100,100,100,100,95,95,100,100,100,100,97,97,96,96,96,96,96,96,95,95,95,91,91,91
Mistral 3,mistral-14b,14,Piggy,s5,31.578947,30.588235,11.764706,22.222222,5.263158,3.157895,11.578947,4.301075,1.075269,10.526316,0,0,15.957447,4.494382,1.123596,11.458333,4.347826,0,3.370787,0,0,4.255319,0,0,7.608696,1.176471,0,6.666667,0,0
Mistral 3,mistral-14b,14,vanilla + filler,multiplication,100,100,100,98,96,94,27,30,5,2,2,0,0,0,0,0,0,0,0,0,0,0,0,0,0,0,0,0,0,0
Mistral 3,mistral-14b,14,vanilla + filler,parity,100,100,100,100,100,100,85,94,79,73,68,48,55,55,35,59,44,29,43,49,23,58,55,32,51,45,23,48,45,24
Mistral 3,mistral-14b,14,vanilla + filler,s5,21.212121,20.879121,4.395604,10,4.081633,0,1.010101,6.060606,0,1,1,0,0,2,0,1,1,0,1.030928,3.092784,0,1,1,0,0,1.010101,0,1.020408,0,0
Mistral 3,mistral-14b,14,vanilla,multiplication,100,100,100,100,97,97,32,28,4,2,3,0,0,0,0,0,0,0,0,0,0,0,0,0,0,0,0,0,0,0
Mistral 3,mistral-14b,14,vanilla,parity,100,100,100,100,100,100,86,96,82,72,73,51,58,55,36,53,45,27,42,44,20,61,56,35,52,48,24,49,47,26
Mistral 3,mistral-14b,14,vanilla,s5,20,16.666667,2.083333,14,10.10101,0,1,5.050505,0,2,1,0,1,3,0,1,0,0,1.010101,1.010101,0,0,0,0,1,1,0,2.020202,1.010101,0
Mistral 3,mistral-24b,24,CoT + filler,multiplication,100,100,100,60,91,56,29,17,4,23,1,0,29.292929,0,0,32.323232,0,0,9.278351,0,0,1.041667,0,0,0,0,0,0,0,0
Mistral 3,mistral-24b,24,CoT + filler,parity,100,100,100,61.702128,70.212766,54.255319,100,65,65,100,63,63,99,51,50,99,46,46,98,57,56,87,55,48,88,52,48,90,54,49
Mistral 3,mistral-24b,24,CoT + filler,s5,34.343434,8.247423,4.123711,15,6,0,10,2,1,1,0,0,6.060606,1.020408,0,4.040404,2.040816,0,1.010101,3.157895,0,2.040816,2.105263,0,1.020408,0,0,3,1,0
Mistral 3,mistral-24b,24,CoT,multiplication,100,100,100,74,93,71,35,18,7,36,1,0,35,0,0,26.530612,0,0,10.309278,0,0,0,0,0,0,0,0,0,0,0
Mistral 3,mistral-24b,24,CoT,parity,100,100,100,84.042553,77.659574,72.340426,100,68,68,100,71,71,99,51,50,100,47,47,99,54,54,90,51,45,93,54,51,92,52,49
Mistral 3,mistral-24b,24,CoT,s5,36,8.080808,3.030303,18.181818,6.122449,0,10.416667,1.041667,0,2.061856,0,0,2,1,0,3.061224,1.020408,0,2.040816,3.092784,0,1,2,0,2.040816,0,0,1,2.040816,0
Mistral 3,mistral-24b,24,Piggy,multiplication,100,100,100,68.367347,92.857143,64.285714,15,8,1,33.333333,1.010101,0,40.816327,0,0,19.387755,0,0,7.070707,0,0,1.075269,0,0,0,0,0,0,0,0
Mistral 3,mistral-24b,24,Piggy,parity,100,100,100,74,74,74,100,90,90,100,87,87,96,96,96,100,97,97,99,99,99,89,89,89,89,89,89,92,92,92
Mistral 3,mistral-24b,24,Piggy,s5,40.40404,25,10.416667,27.272727,11.458333,4.166667,11.956522,4.347826,0,5.208333,0,0,3.333333,0,0,4.597701,1.190476,0,0,0,0,2.173913,1.190476,0,1.149425,0,0,5.434783,1.123596,0
Mistral 3,mistral-24b,24,vanilla + filler,multiplication,100,100,100,94,98,92,30,23,10,1,1,0,0,0,0,0,0,0,0,0,0,0,0,0,0,0,0,0,0,0
Mistral 3,mistral-24b,24,vanilla + filler,parity,100,100,100,29,69,29,52,77,45,83,79,65,55,44,25,47,42,25,58,49,30,53,52,28,52,40,20,48,51,24
Mistral 3,mistral-24b,24,vanilla + filler,s5,32.989691,26.88172,10.752688,11,8.602151,1.075269,3,1.010101,0,1,0,0,0,1,0,1,6,0,1,2,0,1,1,0,0,1,0,0,2,0
Mistral 3,mistral-24b,24,vanilla,multiplication,100,100,100,96,97,93,24,22,7,1,1,0,0,0,0,0,0,0,0,0,0,0,0,0,0,0,0,0,0,0
Mistral 3,mistral-24b,24,vanilla,parity,100,100,100,24,69,24,49,77,44,80,79,66,58,51,34,47,40,23,57,45,30,54,56,29,56,52,28,43,48,18
Mistral 3,mistral-24b,24,vanilla,s5,26.530612,27.472527,9.89011,12,6.060606,0,3,3.061224,0,0,3,0,0,0,0,1,3,0,1,2,0,1,1,0,0,1,0,0,1,0
Mistral 3,mistral-3b,3,CoT + filler,multiplication,95,98,93,82,62,51,48,5,3,23,1,0,15.306122,0,0,1.020408,0,0,0,0,0,0,0,0,0,0,0,0,0,0
Mistral 3,mistral-3b,3,CoT + filler,parity,100,100,100,79.787234,67.021277,64.893617,90,68,63,95,50,50,77.380952,57.142857,42.857143,90.217391,46.73913,41.304348,63.218391,57.471264,35.632184,55.319149,53.191489,23.404255,58.064516,50.537634,29.032258,53.191489,48.93617,27.659574
Mistral 3,mistral-3b,3,CoT + filler,s5,14.736842,1.052632,0,22,1,1,8,1,0,4,1,0,0,0,0,1.020408,1.020408,0,2.020202,1.010101,0,2.040816,0,0,0,1.030928,0,2.020202,2.020202,0
Mistral 3,mistral-3b,3,CoT,multiplication,96,96,92,62,60,34,26,4,1,16,1,0,5.263158,0,0,1.030928,0,0,0,0,0,0,0,0,0,0,0,0,0,0
Mistral 3,mistral-3b,3,CoT,parity,100,100,100,83,70,67,95,68,66,82.828283,44.444444,38.383838,85,53,45,88,49,43,79.591837,66.326531,54.081633,83,43,30,68,49,35,63.265306,53.061224,31.632653
Mistral 3,mistral-3b,3,CoT,s5,18.181818,2.020202,0,19,2,2,6,0,0,5.050505,2.020202,0,0,1.010101,0,0,0,0,2.020202,1.010101,0,0,0,0,1.030928,0,0,1.075269,1.075269,0
Mistral 3,mistral-3b,3,Piggy,multiplication,100,79,79,53,34,22,17,1,0,6,0,0,9.090909,0,0,3.225806,0,0,1.052632,0,0,0,0,0,0,0,0,0,0,0
Mistral 3,mistral-3b,3,Piggy,parity,100,100,100,47,47,47,87,77,77,84,72,72,95,86,86,86,74,74,78,77,77,74,73,73,66,66,66,65,65,65
Mistral 3,mistral-3b,3,Piggy,s5,16,3.030303,1.010101,16,5.263158,0,6,1.041667,0,3,0,0,6.185567,0,0,1.020408,2.083333,0,2.020202,0,0,0,2.173913,0,1.052632,0,0,0,0,0
Mistral 3,mistral-3b,3,vanilla + filler,multiplication,100,100,100,74,81,57,6,6,1,0,1,0,0,0,0,0,0,0,0,0,0,0,0,0,0,0,0,0,0,0
Mistral 3,mistral-3b,3,vanilla + filler,parity,100,100,100,57,84,57,49,84,45,63,62,39,39,46,18,41,48,20,54,53,27,49,54,25,52,43,23,48,45,21
Mistral 3,mistral-3b,3,vanilla + filler,s5,1,2,0,1,0,0,0,0,0,3,0,0,0,1,0,0,1,0,0,0,0,2,3,0,1,0,0,1,0,0
Mistral 3,mistral-3b,3,vanilla,multiplication,100,100,100,78,85,67,7,9,0,1,1,0,0,0,0,0,0,0,0,0,0,0,0,0,0,0,0,0,0,0
Mistral 3,mistral-3b,3,vanilla,parity,100,100,100,76,95,76,57,79,51,71,66,49,39,44,24,38,52,25,52,58,31,47,53,28,53,49,26,47,52,25
Mistral 3,mistral-3b,3,vanilla,s5,1,3,0,0,0,0,0,0,0,1,0,0,0,1,0,0,1,0,0,0,0,3,0,0,1,0,0,1,0,0
Mistral 3,mistral-8b,8,CoT + filler,multiplication,100,100,100,97.979798,90.909091,88.888889,92,13,13,58,1,1,34,0,0,25,0,0,6,0,0,0,0,0,0,0,0,0,0,0
Mistral 3,mistral-8b,8,CoT + filler,parity,100,100,100,100,88,88,90,82,76,80,62,50,64,50,34,70,49,33,59,53,32,57,53,25,49,49,19,48,39,18
Mistral 3,mistral-8b,8,CoT + filler,s5,31,11.111111,3.030303,19,6,2,8.163265,1.020408,0,2.020202,1.010101,0,1.010101,0,0,2.061856,0,0,3.061224,0,0,1.030928,0,0,1.075269,1.075269,0,3.157895,1.052632,0
Mistral 3,mistral-8b,8,CoT,multiplication,100,100,100,97,94,91,90,13,13,62,1,0,36,0,0,29.292929,0,0,4,0,0,0,0,0,0,0,0,0,0,0
Mistral 3,mistral-8b,8,CoT,parity,100,100,100,100,88,88,81,83,69,96,65,62,90,54,52,88,43,36,69,52,35,66,47,26,56,41,20,52,46,24
Mistral 3,mistral-8b,8,CoT,s5,29,9,2,19,6,3,7,1,0,2,2,0,1.020408,1.020408,0,4.081633,1.020408,0,4.166667,0,0,1.020408,0,0,4.166667,1.041667,0,1.030928,1.030928,0
Mistral 3,mistral-8b,8,Piggy,multiplication,100,100,100,98,92,91,86,6,6,60,0,0,44.897959,0,0,49,2,2,4,0,0,0,0,0,0,0,0,0,0,0
Mistral 3,mistral-8b,8,Piggy,parity,100,100,100,100,99,99,96,88,88,85,85,85,90,90,90,89,89,89,72,72,72,69,69,69,66,66,66,55,55,55
Mistral 3,mistral-8b,8,Piggy,s5,28,9.89011,3.296703,8.333333,8.888889,0,2.173913,1.176471,0,2.222222,2.5,0,1.075269,0,0,3.571429,0,0,4.395604,2.816901,0,1.176471,2.985075,0,1.204819,0,0,2.666667,0,0
Mistral 3,mistral-8b,8,vanilla + filler,multiplication,100,100,100,97,97,94,18,16,3,0,1,0,0,0,0,0,0,0,0,0,0,0,0,0,0,0,0,0,0,0
Mistral 3,mistral-8b,8,vanilla + filler,parity,100,100,100,76,90,71,62,85,55,81,71,61,62,58,41,55,54,31,41,46,23,49,58,29,60,50,29,58,43,26
Mistral 3,mistral-8b,8,vanilla + filler,s5,22.222222,16.494845,7.216495,19,6,1,1,1.010101,0,1,1,0,1,2,0,1,3,0,0,0,0,0,0,0,0,1,0,1,2,0
Mistral 3,mistral-8b,8,vanilla,multiplication,100,100,100,97,98,96,20,16,3,0,1,0,0,0,0,0,0,0,0,0,0,0,0,0,0,0,0,0,0,0
Mistral 3,mistral-8b,8,vanilla,parity,100,100,100,70,75,61,79,81,67,75,68,53,62,63,42,47,48,24,52,50,30,54,63,35,62,50,29,61,46,29
Mistral 3,mistral-8b,8,vanilla,s5,22,17.171717,4.040404,16,4,0,1,2,0,2,1,0,0,5,0,0,1,0,0,2,0,0,0,0,0,1,0,1,3,0
Mistral 3,mistral-large-3,675,CoT + filler,multiplication,100,100,100,100,100,100,95,84,79,77,27,24,70,4,2,43,0,0,30,0,0,29,0,0,14,0,0,0,0,0
Mistral 3,mistral-large-3,675,CoT + filler,parity,100,100,100,100,100,100,100,93,93,100,98,98,100,92,92,100,91,91,100,89,89,100,69,69,99,72,71,99,50,50
Mistral 3,mistral-large-3,675,CoT + filler,s5,57,32.258065,17.204301,47,16,6,22,3,0,12.121212,2.020202,0,3,1,0,6,1,0,3,0,0,1,0,0,2.020202,1.010101,0,1.010101,0,0
Mistral 3,mistral-large-3,675,CoT,multiplication,100,100,100,99,100,99,88,82,71,76,32,24,76,3,2,44,0,0,41,0,0,35,0,0,11,0,0,0,0,0
Mistral 3,mistral-large-3,675,CoT,parity,100,100,100,100,100,100,100,94,94,100,93,93,100,76,76,100,84,84,100,82,82,100,65,65,99,64,63,99,52,52
Mistral 3,mistral-large-3,675,CoT,s5,51.546392,35.869565,19.565217,50,15,7,19,2,0,11,4,1,7,2,0,2,3,0,4,1,0,2.020202,0,0,2,1,0,2,0,0
Mistral 3,mistral-large-3,675,Piggy,multiplication,100,100,100,100,100,100,72,77,59,61,19,17,39,4,4,37,2,2,52,0,0,35,0,0,11,0,0,2,0,0
Mistral 3,mistral-large-3,675,Piggy,parity,100,100,100,100,100,100,100,100,100,99,99,99,99,100,99,98,98,98,95,95,95,82,82,82,76,76,76,74,74,74
Mistral 3,mistral-large-3,675,Piggy,s5,54.545455,39.175258,23.71134,41,20.20202,8.080808,17.171717,5.102041,1.020408,18,6.185567,0,10.10101,2.061856,1.030928,2.150538,2.197802,0,7.446809,3.225806,0,4.347826,1.111111,0,1.136364,3.409091,0,2.173913,0,0
Mistral 3,mistral-large-3,675,vanilla + filler,multiplication,100,100,100,100,100,100,81,83,71,26,31,9,0,1,0,0,0,0,0,0,0,0,0,0,0,0,0,0,0,0
Mistral 3,mistral-large-3,675,vanilla + filler,parity,100,100,100,100,100,100,100,100,100,100,100,100,97,96,93,94,94,88,83,87,73,83,84,70,62,74,45,34,75,25
Mistral 3,mistral-large-3,675,vanilla + filler,s5,46,48.958333,21.875,13,14,1,5,1,0,1,3,0,0,3,0,0,2,0,1,1,0,1,1,0,1,2,0,0,1,0
Mistral 3,mistral-large-3,675,vanilla,multiplication,100,100,100,100,100,100,82,86,73,28,34,11,0,1,0,0,0,0,0,0,0,0,0,0,0,0,0,0,0,0
Mistral 3,mistral-large-3,675,vanilla,parity,100,100,100,100,100,100,100,95,95,100,100,100,100,92,92,96,86,82,90,93,83,87,86,74,67,68,48,37,71,27
Mistral 3,mistral-large-3,675,vanilla,s5,47.474747,52.57732,23.71134,17,12,1,2,2,1,1,3,0,1,4,0,0,0,0,2,1,0,3,1,0,1,1,0,0,1,0
Mistral 3,mistral-medium-3.5,128,CoT + filler,multiplication,100,100,100,100,98,98,94,52,50,90,4,4,83,0,0,59,0,0,56,0,0,23,0,0,7,0,0,1.010101,0,0
Mistral 3,mistral-medium-3.5,128,CoT + filler,parity,100,100,100,100,100,100,100,91,91,100,79,79,100,67,67,100,57,57,100,47,47,99,53,53,98,53,53,99,47,46
Mistral 3,mistral-medium-3.5,128,CoT + filler,s5,44,26,9,27,14,3,19.191919,4.040404,1.010101,17,2,0,7,0,0,6,0,0,4,0,0,3,3,0,3,1,0,1,0,0
Mistral 3,mistral-medium-3.5,128,CoT,multiplication,100,100,100,98,100,98,91,52,46,87,6,5,81,0,0,71,0,0,51,0,0,25,0,0,7,0,0,1.010101,0,0
Mistral 3,mistral-medium-3.5,128,CoT,parity,100,100,100,100,100,100,100,89,89,100,86,86,100,72,72,100,57,57,100,51,51,98,52,52,96,53,51,99,44,43
Mistral 3,mistral-medium-3.5,128,CoT,s5,39,24.742268,8.247423,33,14,5,21,3,2,13,2,0,8,0,0,11,0,0,4,0,0,2,2,0,4,1,0,4,1,0
Mistral 3,mistral-medium-3.5,128,Piggy,multiplication,100,100,100,100,98,98,94,42,38,90,1,1,87,0,0,67,0,0,51,0,0,19,0,0,5,0,0,2,0,0
Mistral 3,mistral-medium-3.5,128,Piggy,parity,100,100,100,100,100,100,100,100,100,100,100,100,100,100,100,100,100,100,100,100,100,100,100,100,99,99,99,99,99,99
Mistral 3,mistral-medium-3.5,128,Piggy,s5,51,42,26,34,15,8,15.306122,9.278351,4.123711,17.894737,4.301075,1.075269,10,3.030303,1.010101,4.255319,0,0,4.347826,1.086957,0,0,1.086957,0,3.157895,2.105263,0,3.191489,1.06383,0
Mistral 3,mistral-medium-3.5,128,vanilla + filler,multiplication,100,100,100,100,99,99,44,54,22,5,8,0,0,0,0,0,0,0,0,0,0,0,0,0,0,0,0,0,0,0
Mistral 3,mistral-medium-3.5,128,vanilla + filler,parity,100,100,100,100,100,100,84,82,74,83,87,76,86,77,68,64,53,35,59,58,35,42,51,19,43,50,19,53,45,30
Mistral 3,mistral-medium-3.5,128,vanilla + filler,s5,30,30.612245,7.142857,21,14,1,4,6,0,3,2,0,0,0,0,2,0,0,0,0,0,1,0,0,0,1,0,1,1,0
Mistral 3,mistral-medium-3.5,128,vanilla,multiplication,100,100,100,100,100,100,46,58,25,6,6,0,0,0,0,0,0,0,0,0,0,0,0,0,0,0,0,0,0,0
Mistral 3,mistral-medium-3.5,128,vanilla,parity,100,100,100,93,100,93,89,82,77,90,87,80,84,81,69,72,61,48,74,61,44,48,50,22,43,54,21,55,42,27
Mistral 3,mistral-medium-3.5,128,vanilla,s5,35,35.714286,12.244898,16,16,1,4,3.030303,0,3,3,0,0,2,0,3,0,0,0,0,0,1,0,0,0,0,0,0,1,0
Mistral 3,mistral-small4,119,CoT + filler,multiplication,100,100,100,91,100,91,65,58,38,47,7,3,29,0,0,16,0,0,4,0,0,0,0,0,0,0,0,0,0,0
Mistral 3,mistral-small4,119,CoT + filler,parity,100,100,100,97.727273,75,75,98.837209,65.116279,65.116279,100,71.428571,71.428571,97.674419,70.930233,70.930233,97.752809,56.179775,56.179775,94.565217,54.347826,52.173913,93.406593,58.241758,52.747253,97.938144,49.484536,47.42268,93.684211,52.631579,49.473684
Mistral 3,mistral-small4,119,CoT + filler,s5,40.425532,7.954545,4.545455,27,6.122449,3.061224,16,1.010101,0,8,0,0,0,0,0,3,1.010101,0,3,1.010101,0,3,0,0,2.040816,0,0,1.010101,0,0
Mistral 3,mistral-small4,119,CoT,multiplication,100,100,100,90,100,90,54,59,32,39,4,2,27,0,0,18,0,0,4,0,0,1,0,0,0,0,0,0,0,0
Mistral 3,mistral-small4,119,CoT,parity,100,98,98,100,76.041667,76.041667,100,73.737374,73.737374,98.947368,66.315789,66.315789,100,76.595745,76.595745,95.833333,73.958333,71.875,97.979798,63.636364,62.626263,98.93617,54.83871,53.763441,98.947368,45.263158,44.210526,98,46,46
Mistral 3,mistral-small4,119,CoT,s5,32.631579,11.827957,5.376344,21,12.903226,2.150538,15,1.041667,0,8.080808,0,0,1,0,0,3.061224,1.111111,0,6,1.075269,0,4,0,0,2.020202,0,0,1,0,0
Mistral 3,mistral-small4,119,Piggy,multiplication,100,100,100,91,99,90,63,41,32,35,4,3,25,0,0,13,0,0,3,0,0,2,0,0,0,0,0,0,0,0
Mistral 3,mistral-small4,119,Piggy,parity,100,100,100,100,98,98,100,93,93,100,85,85,100,94,94,100,95,95,100,99,99,98,96,96,97,96,96,99,99,99
Mistral 3,mistral-small4,119,Piggy,s5,39.784946,20.652174,7.608696,29,8.080808,3.030303,13.131313,4.081633,3.061224,10.10101,3.030303,0,4.081633,3.061224,0,5.154639,0,0,2.083333,0,0,6.185567,1.030928,0,2.222222,2.222222,0,2.083333,1.06383,0
Mistral 3,mistral-small4,119,vanilla + filler,multiplication,100,100,100,100,100,100,59,64,39,7,9,0,0,0,0,0,0,0,0,0,0,0,0,0,0,0,0,0,0,0
Mistral 3,mistral-small4,119,vanilla + filler,parity,100,100,100,98,98,98,99,91,91,85,75,63,69,55,45,69,57,42,39,52,22,53,51,28,52,50,24,53,55,29
Mistral 3,mistral-small4,119,vanilla + filler,s5,20,40.40404,7.070707,14,12,1,2,8,0,1,1,0,0,0,0,0,1,0,1,0,0,2,0,0,1,0,0,1,0,0
Mistral 3,mistral-small4,119,vanilla,multiplication,100,100,100,100,100,100,60,60,41,7,9,0,0,0,0,0,0,0,0,0,0,0,0,0,0,0,0,0,0,0
Mistral 3,mistral-small4,119,vanilla,parity,100,100,100,100,100,100,100,100,100,71,83,61,64,64,49,64,57,35,43,56,26,37,53,20,49,53,24,68,52,36
Mistral 3,mistral-small4,119,vanilla,s5,21,35.714286,7.142857,17,15,1,4,1,0,2,1,0,0,1,0,5,1,0,1,0,0,3,1,0,1,1,0,1,2,0
Qwen 3.5,qwen35-0.8b,0.8,CoT + filler,multiplication,91,90,83,53,51,30,3,3,3,1.010101,1.010101,0,0,0,0,0,0,0,0,0,0,0,0,0,0,0,0,0,0,0
Qwen 3.5,qwen35-0.8b,0.8,CoT + filler,parity,51.111111,50,30,49.494949,58.585859,32.323232,31,54,18,58,48,29,48,51,24,39,55,23,45,44,22,48,51,26,55,44,24,50,43,26
Qwen 3.5,qwen35-0.8b,0.8,CoT + filler,s5,0,0,0,0,0,0,0,6.25,0,0,0,0,0,0,0,0,4.347826,0,6.25,0,0,0,0,0,0,0,0,0,12.5,0
Qwen 3.5,qwen35-0.8b,0.8,CoT,multiplication,89,93,82,48,58,33,2,2,2,0,0,0,0,0,0,0,0,0,0,0,0,0,0,0,0,0,0,0,0,0
Qwen 3.5,qwen35-0.8b,0.8,CoT,parity,77.966102,66.101695,47.457627,42.391304,80.434783,32.608696,48.421053,63.157895,28.421053,63,53,37,61,52,34,50,52,32,60,45,30,50,39,21,56,47,25,50,45,24
Qwen 3.5,qwen35-0.8b,0.8,CoT,s5,0,0,0,0,0,0,0,0,0,0,0,0,0,0,0,0,0,0,0,0,0,0,0,0,0,0,0,0,0,0
Qwen 3.5,qwen35-0.8b,0.8,Piggy,multiplication,93,98,91,54,25,14,3,1,0,1,0,0,1,0,0,0,0,0,0,0,0,0,0,0,0,0,0,0,0,0
Qwen 3.5,qwen35-0.8b,0.8,Piggy,parity,68.421053,57.894737,26.315789,73.11828,61.290323,60.215054,69,69,69,59,57,57,56,53,53,56,56,56,51,51,51,49,48,44,59,58,55,50,49,46
Qwen 3.5,qwen35-0.8b,0.8,Piggy,s5,0,0,0,0,0,0,0,0,0,0,0,0,0,2.173913,0,0,0,0,1.515152,1.515152,0,2.272727,0,0,0,1.694915,0,4.444444,0,0
Qwen 3.5,qwen35-0.8b,0.8,vanilla + filler,multiplication,94,100,94,63,72,45,4,8,2,0,1,0,0,0,0,0,0,0,0,0,0,0,0,0,0,0,0,0,0,0
Qwen 3.5,qwen35-0.8b,0.8,vanilla + filler,parity,49,63,44,53,74,49,57,65,43,49,52,28,63,41,28,49,49,23,52,52,25,55,51,27,51,58,28,48,54,25
Qwen 3.5,qwen35-0.8b,0.8,vanilla + filler,s5,0,1.052632,0,0,2.531646,0,0,0,0,2.061856,2.061856,0,1.041667,1.052632,0,1.041667,0,0,0,1.020408,0,0,0,0,0,1.020408,0,0,0,0
Qwen 3.5,qwen35-0.8b,0.8,vanilla,multiplication,91,100,91,68,76,53,5,6,1,0,1,0,0,0,0,0,0,0,0,0,0,0,0,0,0,0,0,0,0,0
Qwen 3.5,qwen35-0.8b,0.8,vanilla,parity,71,71,71,68,65,52,57,57,38,48,54,27,62,44,27,49,54,25,52,53,27,55,48,26,51,58,30,48,57,27
Qwen 3.5,qwen35-0.8b,0.8,vanilla,s5,0,1,0,0,1.098901,0,0,0,0,1.041667,2.083333,0,2.061856,1.041667,0,1.020408,0,0,0,1.041667,0,0,1.020408,0,0,1.030928,0,0,0,0
Qwen 3.5,qwen35-122b-a10b,122,CoT + filler,multiplication,100,100,100,100,100,100,100,98,98,100,91.836735,91.836735,98,43,41,93,1,0,86,0,0,86,2,2,89,0,0,80.808081,0,0
Qwen 3.5,qwen35-122b-a10b,122,CoT + filler,parity,100,100,100,100,100,100,100,98,98,100,97,97,100,79,79,100,79,79,100,67,67,100,57,57,100,52,52,100,54,54
Qwen 3.5,qwen35-122b-a10b,122,CoT + filler,s5,43.434343,29.896907,14.43299,33,11.111111,3.030303,13.265306,2.040816,0,14.43299,2.061856,0,9.473684,0,0,5.555556,0,0,2.272727,2.272727,0,2.197802,0,0,1.086957,0,0,3.797468,1.265823,0
Qwen 3.5,qwen35-122b-a10b,122,CoT,multiplication,100,100,100,100,100,100,99,96,95,97.938144,90.721649,88.659794,98.924731,45.16129,45.16129,95,1,1,86.734694,0,0,86,1,1,90.721649,1.030928,1.030928,79.381443,0,0
Qwen 3.5,qwen35-122b-a10b,122,CoT,parity,100,100,100,100,99,99,100,99,99,100,96,96,100,79,79,100,77,77,100,71,71,100,55,55,100,51,51,100,52,52
Qwen 3.5,qwen35-122b-a10b,122,CoT,s5,37.373737,29.166667,12.5,29,11.111111,2.020202,17.346939,4.081633,0,12.121212,2.020202,0,8.333333,0,0,5.434783,0,0,4.545455,3.409091,0,1.136364,0,0,2.222222,0,0,1.265823,0,0
Qwen 3.5,qwen35-122b-a10b,122,Piggy,multiplication,100,100,100,100,98.93617,98.93617,100,78.571429,78.571429,100,65.979381,65.979381,98.989899,41.414141,41.414141,95,30,30,93.814433,28.865979,28.865979,86.315789,18.947368,18.947368,88.659794,10.309278,10.309278,75.257732,10.309278,10.309278
Qwen 3.5,qwen35-122b-a10b,122,Piggy,parity,100,100,100,100,100,100,100,100,100,100,82,82,100,88,88,100,96,96,100,98,98,100,98,98,100,100,100,100,97,97
Qwen 3.5,qwen35-122b-a10b,122,Piggy,s5,48.484848,35.051546,16.494845,26.262626,13.265306,3.061224,19.191919,2.083333,1.041667,11.111111,4.081633,2.040816,4.395604,3.370787,1.123596,6.593407,2.222222,0,2.380952,1.265823,0,10.38961,2.631579,2.631579,6.25,5.128205,2.564103,9.210526,8.108108,6.756757
Qwen 3.5,qwen35-122b-a10b,122,vanilla + filler,multiplication,100,100,100,100,100,100,99,100,99,89,95,85,28,48,13,2,3,1,0,0,0,0,0,0,0,0,0,0,0,0
Qwen 3.5,qwen35-122b-a10b,122,vanilla + filler,parity,100,100,100,100,100,100,100,100,100,100,99,99,98,84,82,87,77,68,74,67,52,50,58,29,62,47,27,58,60,35
Qwen 3.5,qwen35-122b-a10b,122,vanilla + filler,s5,38,31.25,9.375,21,14,2,2,2,0,2,3,0,1,0,0,0,1,0,1,1,0,1,1,0,2,0,0,0,0,0
Qwen 3.5,qwen35-122b-a10b,122,vanilla,multiplication,100,100,100,100,100,100,99,100,99,88,95,84,25,51,15,1,2,1,0,0,0,0,0,0,0,0,0,0,0,0
Qwen 3.5,qwen35-122b-a10b,122,vanilla,parity,100,100,100,100,100,100,100,100,100,98,98,96,93,76,71,88,75,66,72,64,49,52,59,32,59,49,28,55,58,33
Qwen 3.5,qwen35-122b-a10b,122,vanilla,s5,42,27.835052,11.340206,21,16,2,1,5,0,3,2,0,1,0,0,2,0,0,1,1,0,1,2,0,1,0,0,0,2,0
Qwen 3.5,qwen35-27b,27,CoT + filler,multiplication,100,100,100,100,100,100,100,98,98,98.989899,89.89899,88.888889,99,14,14,99,0,0,93,0,0,93,0,0,86,0,0,92,0,0
Qwen 3.5,qwen35-27b,27,CoT + filler,parity,100,100,100,100,100,100,100,98,98,100,95,95,100,86,86,100,71,71,100,64,64,100,50,50,97,47,44,100,38,38
Qwen 3.5,qwen35-27b,27,CoT + filler,s5,45.360825,30.927835,16.494845,34.693878,8.163265,2.040816,18.556701,7.216495,3.092784,19.791667,2.083333,1.041667,10.752688,3.225806,1.075269,9.090909,1.136364,0,14.942529,0,0,11.538462,1.282051,0,8.641975,1.234568,0,13.75,0,0
Qwen 3.5,qwen35-27b,27,CoT,multiplication,100,100,100,100,100,100,100,98,98,100,89.89899,89.89899,99,13,13,98,0,0,94,0,0,86,0,0,88.77551,0,0,85.416667,0,0
Qwen 3.5,qwen35-27b,27,CoT,parity,100,100,100,100,100,100,100,98,98,100,94,94,100,85,85,100,69,69,100,63,63,100,49,49,97,44,42,100,39,39
Qwen 3.5,qwen35-27b,27,CoT,s5,38.77551,29.591837,13.265306,37,8,3,18.367347,7.142857,2.040816,17.894737,2.105263,1.052632,6.593407,2.197802,1.098901,2.380952,0,0,10.227273,0,0,3.571429,0,0,2.380952,1.190476,0,8.695652,1.449275,0
Qwen 3.5,qwen35-27b,27,Piggy,multiplication,100,100,100,100,100,100,98.958333,96.875,95.833333,100,82.828283,82.828283,98.979592,38.77551,38.77551,98,28,27,96.907216,26.804124,26.804124,92.929293,15.151515,15.151515,92.857143,21.428571,21.428571,88.888889,15.151515,15.151515
Qwen 3.5,qwen35-27b,27,Piggy,parity,100,100,100,100,100,100,100,100,100,100,100,100,100,100,100,100,98,98,100,100,100,100,100,100,100,100,100,100,100,100
Qwen 3.5,qwen35-27b,27,Piggy,s5,52,37.373737,24.242424,34.693878,15.306122,7.142857,21.212121,2.020202,2.020202,17.021277,2.12766,1.06383,6.976744,2.325581,1.162791,12.087912,5.494505,3.296703,10.227273,0,0,14.102564,2.564103,2.564103,7.792208,0,0,7.692308,2.597403,1.298701
Qwen 3.5,qwen35-27b,27,vanilla + filler,multiplication,100,100,100,100,100,100,98,98,96,91,93,85,13,27,2,2,1,0,0,0,0,0,0,0,0,0,0,0,0,0
Qwen 3.5,qwen35-27b,27,vanilla + filler,parity,100,100,100,83,90,83,86,99,86,79,97,79,87,79,74,74,68,54,61,61,39,47,50,28,55,57,30,41,47,18
Qwen 3.5,qwen35-27b,27,vanilla + filler,s5,43,37.373737,14.141414,15,13.131313,0,3,8,0,2,4,0,0,3,0,1,1,0,1,2,0,1,0,0,0,0,0,0,0,0
Qwen 3.5,qwen35-27b,27,vanilla,multiplication,100,100,100,100,100,100,98,98,96,91,93,85,11,33,2,1,1,0,0,0,0,0,0,0,0,0,0,0,0,0
Qwen 3.5,qwen35-27b,27,vanilla,parity,100,100,100,83,90,83,88,99,88,76,96,75,87,84,79,68,75,55,65,62,44,41,45,23,58,50,30,42,47,18
Qwen 3.5,qwen35-27b,27,vanilla,s5,40.40404,36.082474,13.402062,18,14,0,4,7,0,1,3,0,1,4,0,1,1,0,1,3,0,0,0,0,0,1,0,0,0,0
Qwen 3.5,qwen35-2b,2,CoT + filler,multiplication,100,96,96,83,90,74,15,17,2,0,1,0,0,0,0,0,0,0,0,0,0,0,0,0,0,0,0,0,0,0
Qwen 3.5,qwen35-2b,2,CoT + filler,parity,67.346939,67.346939,67.346939,34.343434,69.69697,33.333333,49.494949,62.626263,35.353535,62,62,37,44,52,28,51,51,29,46.938776,58.163265,29.591837,55.670103,45.360825,24.742268,57,53,32,55,58,33
Qwen 3.5,qwen35-2b,2,CoT + filler,s5,6.349206,0,0,5.208333,11.578947,1.052632,4.347826,0,0,5.555556,2.222222,0,2.150538,0,0,0,0,0,1.041667,0,0,1.030928,2.083333,0,0,0,0,2.197802,0,0
Qwen 3.5,qwen35-2b,2,CoT,multiplication,98,96,94,85,84,73,11,13,0,0,1,0,0,0,0,0,0,0,0,0,0,0,0,0,0,0,0,0,0,0
Qwen 3.5,qwen35-2b,2,CoT,parity,68,68,68,39,73,39,52,60,32,61,67,39,45,55,27,49,49,27,45,55,28,53,48,25,56,53,29,56,56,33
Qwen 3.5,qwen35-2b,2,CoT,s5,7.317073,0,0,4.347826,10.869565,1.086957,2.083333,0,0,3.157895,2.105263,0,0,0,0,0,0,0,1.052632,0,0,2.12766,2.173913,0,1.041667,0,0,0,0,0
Qwen 3.5,qwen35-2b,2,Piggy,multiplication,84.848485,95.959596,80.808081,81,74,62,19,5,2,0,1,0,0,0,0,0,0,0,0,0,0,0,0,0,0,0,0,0,0,0
Qwen 3.5,qwen35-2b,2,Piggy,parity,100,100,100,28,48,28,48,48,48,50,54,48,56,56,56,53,60,52,43,44,42,53,53,53,42,43,42,54,56,53
Qwen 3.5,qwen35-2b,2,Piggy,s5,,,,9.333333,6.849315,0,2.469136,0,0,4,0,0,0,1.333333,0,0,2.597403,0,4.347826,0,0,0,0,0,0,0,0,0,1.5625,0
Qwen 3.5,qwen35-2b,2,vanilla + filler,multiplication,100,100,100,81,94,77,19,22,7,1,1,0,0,0,0,0,0,0,0,0,0,0,0,0,0,0,0,0,0,0
Qwen 3.5,qwen35-2b,2,vanilla + filler,parity,57,57,57,51,65,45,45,65,31,54,72,40,47,49,27,51,53,27,46,54,29,46,51,23,50,57,27,52,56,31
Qwen 3.5,qwen35-2b,2,vanilla + filler,s5,0,1,0,10.309278,9.375,1.041667,2.061856,0,0,4.123711,1.052632,0,0,0,0,2.083333,0,0,0,1.052632,0,1.030928,1.052632,0,0,0,0,0,0,0
Qwen 3.5,qwen35-2b,2,vanilla,multiplication,100,100,100,84,96,81,24,24,8,0,3,0,0,0,0,0,0,0,0,0,0,0,0,0,0,0,0,0,0,0
Qwen 3.5,qwen35-2b,2,vanilla,parity,49,49,49,51,67,47,45,64,29,55,68,39,48,47,27,51,49,26,47,56,30,47,50,23,50,57,27,52,57,31
Qwen 3.5,qwen35-2b,2,vanilla,s5,0,1.010101,0,9.278351,10.869565,1.086957,1.052632,0,0,4.123711,0,0,1.041667,0,0,2.105263,0,0,1.030928,1.041667,0,1.030928,0,0,0,0,0,2.12766,1.111111,0
Qwen 3.5,qwen35-35b-a3b,35,CoT + filler,multiplication,100,100,100,100,100,100,100,66,66,100,7.070707,7.070707,99,0,0,93,0,0,90,0,0,89.361702,0,0,83.838384,0,0,82.105263,0,0
Qwen 3.5,qwen35-35b-a3b,35,CoT + filler,parity,100,100,100,100,88,88,100,97,97,100,87,87,100,72,72,98,45,43,100,53,53,99,49,48,100,51,51,100,44,44
Qwen 3.5,qwen35-35b-a3b,35,CoT + filler,s5,47.540984,8.196721,6.557377,33.802817,8.450704,0,27.419355,1.612903,0,21.311475,0,0,12.820513,0,0,23.684211,0,0,30.232558,0,0,21.052632,0,0,37.837838,0,0,46.341463,0,0
Qwen 3.5,qwen35-35b-a3b,35,CoT,multiplication,100,100,100,100,100,100,100,63,63,100,9.090909,9.090909,100,0,0,99,0,0,93.939394,0,0,88.77551,0,0,91.836735,0,0,83.838384,0,0
Qwen 3.5,qwen35-35b-a3b,35,CoT,parity,100,100,100,98,88,86,100,96,96,100,87,87,100,73,73,98,40,39,100,57,57,100,48,48,100,48,48,97,45,44
Qwen 3.5,qwen35-35b-a3b,35,CoT,s5,45,13.333333,8.333333,32.8125,4.6875,1.5625,18.421053,1.315789,0,17.977528,0,0,7.792208,0,0,20,1.333333,0,25.925926,0,0,12,1.333333,0,19.230769,0,0,29.032258,0,0
Qwen 3.5,qwen35-35b-a3b,35,Piggy,multiplication,100,100,100,100,97.916667,97.916667,100,50,50,98.989899,34.343434,34.343434,95.876289,23.71134,23.71134,91,6,6,90.425532,13.829787,13.829787,90.721649,12.371134,12.371134,79.569892,11.827957,11.827957,58.823529,3.529412,3.529412
Qwen 3.5,qwen35-35b-a3b,35,Piggy,parity,100,100,100,93,48,48,100,98,98,100,92,92,100,88,88,99,89,89,100,91,91,100,97,97,100,98,98,100,92,92
Qwen 3.5,qwen35-35b-a3b,35,Piggy,s5,41.666667,14.583333,9.375,32.653061,13.265306,0,22.44898,4.081633,2.040816,18,3,0,18.75,3.333333,2.222222,20,2.247191,0,20.879121,0,0,23.595506,2.352941,0,35.365854,1.265823,1.265823,38.271605,0,0
Qwen 3.5,qwen35-35b-a3b,35,vanilla + filler,multiplication,100,100,100,100,100,100,97,99,96,51,63,37,3,11,0,0,0,0,0,0,0,0,0,0,0,0,0,0,0,0
Qwen 3.5,qwen35-35b-a3b,35,vanilla + filler,parity,100,100,100,88,88,88,96,96,94,90,89,80,66,55,41,61,58,38,51,58,33,49,54,29,48,56,26,52,54,29
Qwen 3.5,qwen35-35b-a3b,35,vanilla + filler,s5,35,25,8,20.20202,12.121212,1.010101,2,0,0,4,1,0,1,2,0,1,1,0,1,0,0,0,0,0,1,0,0,0,0,0
Qwen 3.5,qwen35-35b-a3b,35,vanilla,multiplication,100,100,100,100,100,100,97,100,97,47,68,38,3,12,0,0,0,0,1,1,1,0,0,0,0,0,0,0,0,0
Qwen 3.5,qwen35-35b-a3b,35,vanilla,parity,100,100,100,84,88,84,99,96,96,94,86,80,58,53,36,63,61,41,50,57,32,51,54,30,50,58,27,52,57,30
Qwen 3.5,qwen35-35b-a3b,35,vanilla,s5,32,27,10,22,13,1,3,1,0,4,2,0,0,3,0,1,1,0,1,2,0,0,0,0,1,0,0,1,0,0
Qwen 3.5,qwen35-397b-a17b,397,CoT + filler,multiplication,100,100,100,100,100,100,100,100,100,100,97,97,99,85,84,98,56,54,98,6,6,94,1,0,97,0,0,99,0,0
Qwen 3.5,qwen35-397b-a17b,397,CoT + filler,parity,100,100,100,100,100,100,100,97,97,100,100,100,100,88,88,100,80,80,100,77,77,100,58,58,100,49,49,100,47,47
Qwen 3.5,qwen35-397b-a17b,397,CoT + filler,s5,63,49.484536,29.896907,46,14,6,30.927835,7.216495,3.092784,13.402062,3.092784,1.030928,16.483516,0,0,10,1.111111,0,4.705882,3.529412,0,8.75,1.25,0,8.139535,1.162791,0,3.614458,1.204819,0
Qwen 3.5,qwen35-397b-a17b,397,CoT,multiplication,100,100,100,100,100,100,100,100,100,100,96,96,96,82,79,100,59,59,93,6,6,99,1,1,98,0,0,94,0,0
Qwen 3.5,qwen35-397b-a17b,397,CoT,parity,100,100,100,100,100,100,100,97,97,100,100,100,100,89,89,100,80,80,100,82,82,100,57,57,100,50,50,100,46,46
Qwen 3.5,qwen35-397b-a17b,397,CoT,s5,63.636364,52.083333,32.291667,46,14,7,30.851064,9.574468,2.12766,19.791667,3.125,1.041667,13.186813,0,0,16.483516,0,0,8.791209,3.296703,0,9.090909,0,0,5.882353,0,0,5.405405,1.351351,0
Qwen 3.5,qwen35-397b-a17b,397,Piggy,multiplication,100,100,100,100,100,100,100,94.845361,94.845361,100,87.5,87.5,100,79.79798,79.79798,100,77.777778,77.777778,95.876289,70.103093,70.103093,96,55,55,95.876289,40.206186,40.206186,92.631579,38.947368,38.947368
Qwen 3.5,qwen35-397b-a17b,397,Piggy,parity,100,100,100,100,100,100,100,100,100,100,100,100,100,100,100,100,100,100,100,100,100,100,100,100,100,100,100,100,100,100
Qwen 3.5,qwen35-397b-a17b,397,Piggy,s5,68.686869,43.298969,31.958763,45,23,15,27.55102,11.22449,5.102041,27.368421,7.368421,3.157895,21.276596,7.446809,2.12766,8.888889,4.444444,0,16.091954,4.651163,2.325581,9.52381,5.952381,3.571429,11.842105,2.702703,1.351351,4.819277,1.204819,0
Qwen 3.5,qwen35-397b-a17b,397,vanilla + filler,multiplication,100,100,100,100,100,100,100,100,100,99,98,97,96,97,93,58,72,41,18,20,5,1,3,0,0,0,0,0,0,0
Qwen 3.5,qwen35-397b-a17b,397,vanilla + filler,parity,100,100,100,100,100,100,100,99,99,100,100,100,98,88,87,83,77,65,82,68,56,60,51,31,58,52,30,39,51,18
Qwen 3.5,qwen35-397b-a17b,397,vanilla + filler,s5,62,57.894737,33.684211,18,16,0,10,10,2,5,3,0,1,2,0,2,0,0,0,1,0,2,3,0,0,0,0,0,0,0
Qwen 3.5,qwen35-397b-a17b,397,vanilla,multiplication,100,100,100,100,100,100,100,100,100,99,97,96,94,96,90,58,71,42,17,20,6,2,2,0,0,0,0,0,0,0
Qwen 3.5,qwen35-397b-a17b,397,vanilla,parity,100,100,100,100,100,100,100,97,97,100,100,100,99,87,87,87,80,70,79,70,57,54,51,30,61,47,29,43,55,22
Qwen 3.5,qwen35-397b-a17b,397,vanilla,s5,66,55.913978,34.408602,17,19,0,9,9,1,6,5,0,3,1,0,3,0,0,0,1,0,1,2,0,0,1,0,0,0,0
Qwen 3.5,qwen35-4b,4,CoT + filler,multiplication,100,100,100,100,98.969072,98.969072,98,70,69,99,8,8,65,0,0,38.383838,0,0,24.242424,0,0,8.163265,0,0,11.22449,0,0,11.458333,0,0
Qwen 3.5,qwen35-4b,4,CoT + filler,parity,100,100,100,69.318182,47.727273,40.909091,97.916667,71.875,71.875,95.918367,62.244898,59.183673,96.938776,50,46.938776,98,56,55,93,50,48,99,55,54,93,53,50,89,48,46
Qwen 3.5,qwen35-4b,4,CoT + filler,s5,21.875,1.041667,0,31,12.244898,4.081633,10.10101,0,0,8.247423,3.092784,0,6.451613,0,0,10.752688,0,0,10.989011,0,0,11.111111,1.123596,0,15.116279,1.162791,0,18.823529,0,0
Qwen 3.5,qwen35-4b,4,CoT,multiplication,100,100,100,100,98.958333,98.958333,99,78,77,91,8,8,57.575758,0,0,33.333333,0,0,27.55102,0,0,11.22449,0,0,13.541667,0,0,7.291667,0,0
Qwen 3.5,qwen35-4b,4,CoT,parity,100,100,100,87.5,48.863636,48.863636,89.583333,60.416667,59.375,93.877551,60.204082,56.122449,97.938144,46.391753,44.329897,99,58,57,96,47,45,97,49,48,96,52,51,89,49,44
Qwen 3.5,qwen35-4b,4,CoT,s5,21.649485,1.030928,0,33,11.111111,3.030303,10,1,0,11.458333,2.105263,0,8.510638,1.06383,0,13.402062,0,0,12.087912,0,0,13.186813,0,0,5.376344,1.075269,0,16.470588,0,0
Qwen 3.5,qwen35-4b,4,Piggy,multiplication,100,100,100,100,95.833333,95.833333,97.916667,17.708333,17.708333,95.876289,4.123711,4.123711,75,3,3,46,0,0,33.333333,0,0,26.804124,0,0,32.978723,0,0,14.285714,0,0
Qwen 3.5,qwen35-4b,4,Piggy,parity,100,100,100,100,55,55,94,84,84,100,82,82,100,80.808081,80.808081,97,83,83,93.939394,83.838384,83.838384,99,85,84,88,88,88,96,86,86
Qwen 3.5,qwen35-4b,4,Piggy,s5,16.326531,1.030928,0,24.489796,10.309278,2.061856,7.216495,3.26087,1.086957,4.597701,1.388889,0,7.317073,1.408451,0,5.681818,1.265823,0,10.465116,0,0,12.987013,0,0,12.987013,0,0,18.072289,1.351351,0
Qwen 3.5,qwen35-4b,4,vanilla + filler,multiplication,100,100,100,100,100,100,86,89,77,31,43,18,0,2,0,0,0,0,0,0,0,0,0,0,0,0,0,0,0,0
Qwen 3.5,qwen35-4b,4,vanilla + filler,parity,100,100,100,76,90,71,78,75,58,79,69,56,82,58,50,46,51,28,51,46,26,58,54,31,54,43,22,49,43,22
Qwen 3.5,qwen35-4b,4,vanilla + filler,s5,4,2.040816,0,19,11,2,2,0,0,2,3,0,0,1.010101,0,1,2,0,0,3,0,0,0,0,1,1,0,0,0,0
Qwen 3.5,qwen35-4b,4,vanilla,multiplication,100,100,100,100,100,100,86,91,79,30,45,15,0,4,0,0,0,0,0,0,0,0,0,0,0,0,0,0,0,0
Qwen 3.5,qwen35-4b,4,vanilla,parity,100,100,100,76,91,72,81,86,70,85,73,64,77,55,46,41,52,26,54,51,32,60,56,33,52,44,21,48,45,24
Qwen 3.5,qwen35-4b,4,vanilla,s5,3,2.040816,0,20,12.121212,1.010101,1,2.020202,0,2,4,0,1,1,0,1,1,0,0,3,0,0,0,0,1,1,0,0,0,0
Qwen 3.5,qwen35-9b,9,CoT + filler,multiplication,100,100,100,100,98.958333,98.958333,100,79.545455,79.545455,97.5,13.75,13.75,61.052632,1.052632,1.052632,62.352941,0,0,35.365854,0,0,13.793103,0,0,15.068493,0,0,8,0,0
Qwen 3.5,qwen35-9b,9,CoT + filler,parity,100,100,100,84,76,76,99,63,63,100,61,61,100,51,51,100,53,53,96,53,52,100,54,54,87.755102,42.857143,38.77551,98,42,40
Qwen 3.5,qwen35-9b,9,CoT + filler,s5,28.571429,4.285714,2.857143,25.252525,10.10101,2.020202,6.25,1.041667,0,4.166667,2.083333,0,1.075269,0,0,1.06383,2.12766,0,2.272727,0,0,1.098901,1.098901,0,1.219512,0,0,0,3.658537,0
Qwen 3.5,qwen35-9b,9,CoT,multiplication,100,100,100,100,100,100,100,75.675676,75.675676,94.318182,19.318182,19.318182,60,1.25,1.25,54.054054,0,0,30.487805,0,0,23.529412,0,0,16.949153,0,0,5.714286,0,0
Qwen 3.5,qwen35-9b,9,CoT,parity,100,100,100,77.419355,68.817204,68.817204,100,68,68,100,60,60,100,48,48,100,57,57,97,57,56,98.989899,51.515152,50.505051,86.734694,46.938776,40.816327,100,42.424242,42.424242
Qwen 3.5,qwen35-9b,9,CoT,s5,30.555556,6.944444,2.777778,28.571429,9.183673,2.040816,5.102041,1.020408,0,4.123711,1.030928,0,1.098901,0,0,2.083333,3.125,0,1.052632,1.052632,0,1.149425,1.149425,0,3.703704,1.234568,0,3.614458,1.204819,0
Qwen 3.5,qwen35-9b,9,Piggy,multiplication,100,100,100,100,100,100,100,25.263158,25.263158,81.443299,11.340206,11.340206,64,8,8,33.673469,3.061224,3.061224,30.30303,2.020202,2.020202,29.787234,0,0,18.681319,0,0,16.666667,0,0
Qwen 3.5,qwen35-9b,9,Piggy,parity,100,100,100,70,70,70,94,73,73,100,82,82,99,74,74,100,85.858586,85.858586,96.969697,88.888889,87.878788,100,89,89,83.870968,83.870968,83.870968,95.959596,91.919192,91.919192
Qwen 3.5,qwen35-9b,9,Piggy,s5,28.571429,28.571429,14.285714,19.191919,10.204082,1.020408,9.183673,0,0,7.142857,2.197802,1.098901,2.061856,1.190476,0,1.086957,1.25,0,2.173913,3.703704,2.469136,3.333333,3.947368,1.315789,1.149425,0,0,1.190476,1.428571,0
Qwen 3.5,qwen35-9b,9,vanilla + filler,multiplication,100,100,100,100,100,100,93,93,86,48,43,22,4,3,0,0,0,0,0,0,0,0,0,0,0,0,0,0,0,0
Qwen 3.5,qwen35-9b,9,vanilla + filler,parity,100,100,100,65,68,56,68,68,50,71,57,42,57,59,36,50,51,26,57,51,34,52,50,24,50,56,31,57,51,28
Qwen 3.5,qwen35-9b,9,vanilla + filler,s5,19.387755,8.163265,1.020408,13.265306,11.22449,1.020408,2,3,0,0,1,0,1,2,0,1,0,0,0,2,0,2,0,0,0,0,0,0,2,0
Qwen 3.5,qwen35-9b,9,vanilla,multiplication,100,100,100,100,100,100,94,96,90,46,45,18,4,2,0,0,0,0,0,0,0,0,0,0,0,0,0,0,0,0
Qwen 3.5,qwen35-9b,9,vanilla,parity,100,100,100,61,64,48,67,67,47,71,58,41,56,53,29,48,50,26,56,51,32,56,54,28,62,52,32,51,50,26
Qwen 3.5,qwen35-9b,9,vanilla,s5,16,6,0,11,13,1,3,0,0,0,3,0,2,1,0,1,0,0,0,1,0,0,0,0,0,0,0,0,1,0
Qwen 3,qwen3-14b,14.8,CoT + filler,multiplication,100,100,100,100,100,100,83,33,27,79,1,1,57.575758,0,0,32,0,0,4,0,0,1.030928,0,0,2,0,0,0,0,0
Qwen 3,qwen3-14b,14.8,CoT + filler,parity,100,100,100,100,100,100,100,95,95,100,66,66,100,56,56,100,48,48,100,56,56,100,48,48,99,63,62,100,45,45
Qwen 3,qwen3-14b,14.8,CoT + filler,s5,44.329897,10.309278,6.185567,28.282828,5.050505,1.010101,13.131313,0,0,8,3,0,5.050505,0,0,5.154639,0,0,4.210526,1.06383,0,2.105263,1.06383,0,5.263158,0,0,4.301075,2.197802,0
Qwen 3,qwen3-14b,14.8,CoT,multiplication,100,100,100,100,96,96,100,36,36,96,2,2,80.808081,0,0,43,0,0,7,0,0,2.020202,0,0,0,0,0,0,0,0
Qwen 3,qwen3-14b,14.8,CoT,parity,100,100,100,100,100,100,100,97,97,100,74,74,100,55,55,100,50,50,98,54,54,100,45,45,100,54,54,100,49,49
Qwen 3,qwen3-14b,14.8,CoT,s5,42.708333,14.736842,6.315789,24,5.208333,1.041667,12,1.052632,1.052632,6.060606,8.510638,0,6.122449,0,0,3.061224,0,0,4.255319,1.123596,0,4.166667,1.086957,0,2.061856,0,0,2.173913,2.247191,0
Qwen 3,qwen3-14b,14.8,Piggy,multiplication,100,100,100,98.989899,95.959596,94.949495,99,22,21,95,4,4,68.041237,3.092784,3.092784,32,0,0,20,1,1,5.102041,0,0,0,0,0,0,0,0
Qwen 3,qwen3-14b,14.8,Piggy,parity,100,100,100,100,100,100,100,100,100,100,87,87,100,92,92,100,96,96,100,96,96,100,94,94,100,100,100,99,99,99
Qwen 3,qwen3-14b,14.8,Piggy,s5,39.583333,16.666667,8.333333,18,8,1,8,5,0,6.060606,0,0,7.142857,1.020408,0,2.061856,0,0,2.061856,2.083333,0,4.123711,1.06383,0,2.105263,0,0,1.06383,1.075269,0
Qwen 3,qwen3-14b,14.8,vanilla + filler,multiplication,100,100,100,100,100,100,36,40,16,6,5,0,0,0,0,0,0,0,0,0,0,0,0,0,0,0,0,0,0,0
Qwen 3,qwen3-14b,14.8,vanilla + filler,parity,100,100,100,88,95,88,100,95,95,89,77,70,74,49,42,44,48,25,43,43,20,52,56,32,52,54,27,48,45,24
Qwen 3,qwen3-14b,14.8,vanilla + filler,s5,12,10.10101,3.030303,12,14,1,3,1,0,1,0,0,0,0,0,1,1.010101,0,2,2,0,0,1,0,2,0,0,0,0,0
Qwen 3,qwen3-14b,14.8,vanilla,multiplication,100,100,100,100,100,100,33,45,17,6,5,0,0,0,0,0,0,0,0,0,0,0,0,0,0,0,0,0,0,0
Qwen 3,qwen3-14b,14.8,vanilla,parity,100,100,100,100,100,100,100,96,96,97,84,81,76,49,39,40,34,17,36,41,17,49,51,27,54,55,29,51,45,25
Qwen 3,qwen3-14b,14.8,vanilla,s5,21,17.171717,5.050505,9.090909,14.285714,1.020408,2,3,0,2,2,0,0,0,0,0,1.010101,0,1,3,0,0,1.010101,0,2,0,0,0,0,0
Qwen 3,qwen3-235b-a22b,235,CoT + filler,multiplication,100,100,100,100,100,100,93,88,83,86.458333,36.458333,32.291667,66.666667,5.128205,5.128205,47.222222,0,0,29.411765,0,0,30,0,0,18.27957,0,0,1.010101,0,0
Qwen 3,qwen3-235b-a22b,235,CoT + filler,parity,100,100,100,100,100,100,100,90,90,100,88,88,100,75,75,100,68,68,100,59,59,100,59,59,100,49,49,100,39,39
Qwen 3,qwen3-235b-a22b,235,CoT + filler,s5,51.515152,20.779221,14.285714,32.323232,7.317073,3.658537,13.402062,2.352941,0,12.121212,1.149425,0,13.541667,2.409639,0,5.319149,1.162791,0,1.111111,1.219512,0,4.166667,0,0,3.191489,1.176471,0,3.225806,0,0
Qwen 3,qwen3-235b-a22b,235,CoT,multiplication,100,100,100,99,100,99,95,88,83,86.868687,37.373737,33.333333,66,5,4,49,0,0,29,0,0,31,0,0,20,0,0,2,0,0
Qwen 3,qwen3-235b-a22b,235,CoT,parity,100,99,99,100,96,96,100,94,94,100,88,88,100,82,82,100,73,73,100,55,55,100,59,59,99,52,52,100,43,43
Qwen 3,qwen3-235b-a22b,235,CoT,s5,56,20,11.428571,30.30303,11.494253,3.448276,11.22449,4.166667,0,9,0,0,9.183673,0,0,4.210526,2.173913,0,3.125,0,0,3.26087,2.325581,0,0,0,0,1.052632,0,0
Qwen 3,qwen3-235b-a22b,235,Piggy,multiplication,100,100,100,98.989899,98.989899,97.979798,96,55,53,86,3,2,76,4,4,51,2,2,27,1,1,36,2,2,16,1,1,2,0,0
Qwen 3,qwen3-235b-a22b,235,Piggy,parity,100,100,100,100,100,100,100,100,100,100,99,99,100,100,100,100,100,100,100,100,100,100,100,100,100,100,100,99,98,98
Qwen 3,qwen3-235b-a22b,235,Piggy,s5,46.875,32.58427,17.977528,22.916667,14.772727,3.409091,19.791667,0,0,19.78022,0,0,7.692308,2.352941,0,5.952381,1.25,1.25,4.819277,0,0,1.265823,0,0,4.819277,1.25,0,3.658537,0,0
Qwen 3,qwen3-235b-a22b,235,vanilla + filler,multiplication,100,100,100,100,100,100,82,87,70,33,31,12,1,5,0,0,0,0,0,0,0,0,0,0,0,0,0,0,0,0
Qwen 3,qwen3-235b-a22b,235,vanilla + filler,parity,100,100,100,100,100,100,100,98,98,94,90,85,90,84,76,73,76,56,71,61,43,54,44,27,40,47,23,53,44,23
Qwen 3,qwen3-235b-a22b,235,vanilla + filler,s5,43,33.673469,19.387755,14,15,0,3,3.030303,0,2,1.010101,0,2,3,0,0,1.010101,0,1,0,0,1,0,0,1,0,0,1,1,0
Qwen 3,qwen3-235b-a22b,235,vanilla,multiplication,100,100,100,100,100,100,83,85,72,33,23,8,0,2,0,0,0,0,0,0,0,0,0,0,0,0,0,0,0,0
Qwen 3,qwen3-235b-a22b,235,vanilla,parity,100,100,100,100,98,98,100,100,100,99,89,89,86,80,69,80,78,63,74,69,53,55,47,28,38,44,19,55,49,25
Qwen 3,qwen3-235b-a22b,235,vanilla,s5,43,33.333333,17.708333,11,9.090909,0,2,5,0,2,0,0,0,4,0,0,2.020202,0,0,0,0,2,0,0,0,0,0,1,0,0
Qwen 3,qwen3-32b,32.8,CoT + filler,multiplication,100,100,100,100,99,99,96,36,35,85,3,2,80,0,0,56,0,0,20,0,0,5,0,0,1.010101,0,0,0,0,0
Qwen 3,qwen3-32b,32.8,CoT + filler,parity,100,100,100,100,95,95,100,76,76,100,65,65,100,48,48,100,47,47,100,57,57,99,46,45,100,57,57,99,50,50
Qwen 3,qwen3-32b,32.8,CoT + filler,s5,40,25,8,37,6.185567,4.123711,21.212121,3.061224,1.020408,7.070707,0,0,3.061224,1.041667,0,7.070707,1.020408,0,4.040404,1.020408,0,0,1.020408,0,1.020408,3.061224,0,1.041667,1.041667,0
Qwen 3,qwen3-32b,32.8,CoT,multiplication,100,100,100,100,99,99,98,35,35,88,3,2,81,0,0,53,0,0,23,0,0,1.010101,0,0,0,0,0,0,0,0
Qwen 3,qwen3-32b,32.8,CoT,parity,100,100,100,100,89,89,100,75,75,100,66,66,100,52,52,100,44,44,100,53,53,100,48,48,100,60,60,99,47,47
Qwen 3,qwen3-32b,32.8,CoT,s5,37,23.232323,7.070707,30,7.368421,5.263158,17,1,0,1.010101,1.020408,0,5.050505,1.030928,1.030928,3.030303,1.030928,0,5.050505,1.010101,0,0,0,0,1.041667,1.052632,0,1.041667,0,0
Qwen 3,qwen3-32b,32.8,Piggy,multiplication,100,99,99,100,96.969697,96.969697,98,23,23,92,3,3,74.489796,2.040816,2.040816,49,0,0,37,0,0,8,0,0,1,0,0,0,0,0
Qwen 3,qwen3-32b,32.8,Piggy,parity,100,100,100,100,100,100,100,84,84,100,84,84,100,92,92,100,89,89,100,95,95,100,90,90,100,98,98,99,95,95
Qwen 3,qwen3-32b,32.8,Piggy,s5,47.311828,23.913043,11.956522,29.591837,10.526316,2.105263,12.244898,3.061224,0,6.451613,3.225806,0,5.050505,1.020408,0,0,0,0,2.105263,0,0,5.494505,1.098901,0,2.105263,0,0,4.301075,1.086957,0
Qwen 3,qwen3-32b,32.8,vanilla + filler,multiplication,100,100,100,99,99,98,48,38,19,8,2,0,0,0,0,0,0,0,0,0,0,0,0,0,0,0,0,0,0,0
Qwen 3,qwen3-32b,32.8,vanilla + filler,parity,100,100,100,77,89,77,86,87,77,85,88,75,75,61,47,41,53,24,34,48,19,51,52,29,55,49,31,53,55,31
Qwen 3,qwen3-32b,32.8,vanilla + filler,s5,23.232323,14.583333,3.125,15.151515,9.090909,2.020202,4.040404,2.020202,0,2,2,0,4,1,0,1,3,0,1,1,0,0,3.092784,0,1.010101,1.010101,0,2,1,0
Qwen 3,qwen3-32b,32.8,vanilla,multiplication,100,100,100,99,99,98,46,40,18,7,4,0,0,0,0,0,0,0,0,0,0,0,0,0,0,0,0,0,0,0
Qwen 3,qwen3-32b,32.8,vanilla,parity,100,100,100,76,89,76,78,87,73,83,84,69,73,64,50,55,51,30,48,50,23,57,52,32,54,52,30,50,46,25
Qwen 3,qwen3-32b,32.8,vanilla,s5,23.469388,21.649485,6.185567,15,10,1,2,4,0,1,1,0,4,3,1,0,0,0,0,1,0,0,0,0,0,0,0,0,0,0
Qwen 3,qwen3-8b,8.19,CoT + filler,multiplication,100,100,100,100,84,84,95,14,14,87.878788,1.010101,1.010101,49,0,0,10,0,0,2,0,0,0,0,0,0,0,0,0,0,0
Qwen 3,qwen3-8b,8.19,CoT + filler,parity,78,78,78,100,87,87,100,69.148936,69.148936,97,56,54,99,54,54,99,55,54,91,55,49,86,53,45,73,55,41,82,49,42
Qwen 3,qwen3-8b,8.19,CoT + filler,s5,21.686747,2.409639,0,19,1,0,6,0,0,8.080808,1.010101,0,1,0,0,0,1.020408,0,1.052632,1.052632,0,4.123711,2.061856,0,1.052632,0,0,1.06383,2.12766,0
Qwen 3,qwen3-8b,8.19,CoT,multiplication,100,100,100,100,92,92,97,18,18,89.89899,1.010101,1.010101,56,0,0,9,0,0,2,0,0,0,0,0,0,0,0,0,0,0
Qwen 3,qwen3-8b,8.19,CoT,parity,47,68,47,100,94,94,100,78,78,96,73,71,97,56,55,98,53,52,89,57,49,93,50,46,77,55,41,88,48,43
Qwen 3,qwen3-8b,8.19,CoT,s5,22.916667,3.125,1.041667,21,0,0,10,1,0,6.060606,0,0,1.041667,1.052632,0,2.061856,0,0,4.040404,1.010101,0,3.125,2.083333,0,0,1.075269,0,1.123596,1.136364,0
Qwen 3,qwen3-8b,8.19,Piggy,multiplication,100,100,100,100,76.767677,76.767677,98,9,9,88,1,1,40,0,0,5,0,0,3,0,0,1,0,0,0,0,0,0,0,0
Qwen 3,qwen3-8b,8.19,Piggy,parity,57,58,57,100,100,100,100,98,98,94,89,89,100,100,100,99,99,99,87,87,87,94,94,94,75,75,75,78,77,77
Qwen 3,qwen3-8b,8.19,Piggy,s5,23.255814,2.325581,2.325581,21.649485,4.255319,0,9.090909,2.040816,1.020408,5.263158,1.06383,0,3.125,3.333333,1.111111,3.296703,0,0,3.409091,2.272727,0,2.247191,2.272727,0,0,1.123596,0,1.111111,0,0
Qwen 3,qwen3-8b,8.19,vanilla + filler,multiplication,100,100,100,96,99,95,24,32,10,3,2,0,0,0,0,0,0,0,0,0,0,0,0,0,0,0,0,0,0,0
Qwen 3,qwen3-8b,8.19,vanilla + filler,parity,100,100,100,75,76,71,49,78,42,69,74,53,53,45,27,61,49,34,62,57,37,57,59,34,52,48,23,54,48,28
Qwen 3,qwen3-8b,8.19,vanilla + filler,s5,7,10.10101,0,4,4.040404,0,0,3,0,0,1,0,0,1,0,2,0,0,1,0,0,1,1,0,0,0,0,0,1,0
Qwen 3,qwen3-8b,8.19,vanilla,multiplication,100,100,100,95,100,95,30,33,12,3,2,0,0,0,0,0,0,0,0,0,0,0,0,0,0,0,0,0,0,0
Qwen 3,qwen3-8b,8.19,vanilla,parity,100,100,100,59,74,55,57,71,41,72,69,52,53,46,30,53,55,33,61,58,38,56,56,32,57,47,25,52,56,31
Qwen 3,qwen3-8b,8.19,vanilla,s5,10,13.131313,2.020202,3,5.102041,0,0,3,0,1,1.020408,0,0,1,0,1,0,0,1,0,0,0,1,0,1,1,0,0,0,0
