model_family,model_name,params_b,mechanism,experiment,filler_tokens,d1_public_pct,d1_private_pct,d1_both_pct,d2_public_pct,d2_private_pct,d2_both_pct,d3_public_pct,d3_private_pct,d3_both_pct,d4_public_pct,d4_private_pct,d4_both_pct,d5_public_pct,d5_private_pct,d5_both_pct,d6_public_pct,d6_private_pct,d6_both_pct,d7_public_pct,d7_private_pct,d7_both_pct,d8_public_pct,d8_private_pct,d8_both_pct,d9_public_pct,d9_private_pct,d9_both_pct,d10_public_pct,d10_private_pct,d10_both_pct
DeepSeek V4,deepseek-v4-flash-0731,284,unrestricted CoT,multiplication,0,100,100,100,100,100,100,100,100,100,100,100,100,100,99,99,99,98,97,100,100,100,100,100,100,96.969697,98.989899,96.969697,91.919192,94.949495,89.89899
DeepSeek V4,deepseek-v4-flash-0731,284,unrestricted CoT,s5,0,100,98.989899,98.989899,100,100,100,99,100,99,100,99,99,97,97,94,98,99,97,97,95,92,95,98,93,95,97,93,91,96,87
DeepSeek V4,deepseek-v4-flash-0731,284,unrestricted CoT,parity,0,100,100,100,70,74,70,100,100,100,99,100,99,99,100,99,99,100,99,100,100,100,99,100,99,99,100,99,100,100,100
DeepSeek V4,deepseek-v4-pro-0813,1600,unrestricted CoT,multiplication,0,100,100,100,100,100,100,100,100,100,100,100,100,99,100,99,99,100,99,95,98,95,90,92,85,89,87,85,71,77,63
DeepSeek V4,deepseek-v4-pro-0813,1600,unrestricted CoT,s5,0,99,100,99,97,99,96,100,100,100,98,99,97,97,99,96,98,100,98,98,100,98,99,100,99,100,100,100,99,100,99
DeepSeek V4,deepseek-v4-pro-0813,1600,unrestricted CoT,parity,0,100,100,100,63,74,63,96,94,93,100,100,100,98,100,98,100,100,100,99,100,99,96,100,96,99,98,97,97,100,97
Kimi,kimi-k3,2800,unrestricted CoT,multiplication,0,100,100,100,100,100,100,100,100,100,100,100,100,100,100,100,100,100,100,99,100,99,99,100,99,95,93,89,78.571429,81.632653,66.326531
Kimi,kimi-k3,2800,unrestricted CoT,s5,0,100,99,99,99,100,99,99,99,98,94,97,91,95,95,93,92.929293,91.919192,89.89899,90,94,87,89,92,84,88,90.909091,86.868687,90,86,85
Kimi,kimi-k3,2800,unrestricted CoT,parity,0,100,100,100,74,74,74,100,97,97,100,100,100,100,100,100,100,100,100,99,100,99,100,100,100,99,100,99,100,100,100
Mistral 3,mistral-3b,3,unrestricted CoT,multiplication,0,100,100,100,99,99,98,96.875,97.916667,95.833333,79.166667,82.291667,70.833333,52.57732,49.484536,35.051546,36.363636,40.40404,25.252525,29.787234,27.659574,9.574468,7.692308,9.89011,1.098901,3.703704,3.703704,1.234568,0,0,0
Mistral 3,mistral-3b,3,unrestricted CoT,s5,0,93.814433,91.578947,85.263158,86.868687,89.89899,77.777778,81.818182,92.857143,74.489796,78,88,69,73,90,65,64,75.757576,54.545455,72.44898,72.44898,56.122449,57,71.717172,44.444444,59.183673,69.387755,44.897959,51,61.22449,36.734694
Mistral 3,mistral-3b,3,unrestricted CoT,parity,0,100,100,100,53,73,52,95.959596,93.939394,89.89899,99,96,95,96,100,96,98.989899,100,98.989899,99,100,99,95,96,91,93.939394,89.89899,85.858586,88.888889,92.929293,82.828283
Mistral 3,mistral-large-3,675,unrestricted CoT,multiplication,0,100,100,100,100,100,100,100,100,100,100,98,98,96,95,91,94,94,88,89.89899,87.878788,78.787879,70.707071,72.727273,55.555556,38.947368,30.526316,16.842105,37.362637,20.879121,13.186813
Mistral 3,mistral-large-3,675,unrestricted CoT,s5,0,99,96.969697,96.969697,98,99,97,98,99,97,95,97,92,93,94,88,92,99,91,99,95,94,95,98,93,91,91,83,95,92,89
Mistral 3,mistral-large-3,675,unrestricted CoT,parity,0,100,100,100,57,74,57,100,98,98,100,100,100,100,100,100,100,100,100,100,100,100,100,99,99,100,100,100,100,99,99
Qwen 3,qwen3-235b-a22b,235,unrestricted CoT,multiplication,0,100,100,100,100,100,100,95,97,92,65.656566,74.747475,57.575758,28,35,22,13,15,10,0,0,0,0,0,0,0,0,0,0,0,0
Qwen 3,qwen3-235b-a22b,235,unrestricted CoT,s5,0,93,94.897959,87.755102,94,96.875,90.625,89,95.918367,84.693878,91,97.979798,88.888889,89,93.877551,84.693878,89.89899,93.939394,85.858586,86,91.919192,83.838384,76,86.868687,69.69697,84,94.845361,81.443299,84.693878,89.361702,77.659574
Qwen 3,qwen3-235b-a22b,235,unrestricted CoT,parity,0,100,100,100,57,74,57,100,97,97,98,100,98,100,100,100,100,100,100,100,99,99,99,96,96,92,99,92,96,97,93
Qwen 3,qwen3-8b,8.19,unrestricted CoT,multiplication,0,100,100,100,97,98,95,95,89,85,85.858586,79.79798,73.737374,52.631579,47.368421,44.210526,32.291667,36.458333,17.708333,14.736842,17.894737,5.263158,2.020202,4.040404,1.010101,1.041667,0,0,0,0,0
Qwen 3,qwen3-8b,8.19,unrestricted CoT,s5,0,95.833333,96.875,92.708333,97.959184,95.918367,93.877551,93,95.918367,90.816327,80.851064,77.173913,70.652174,84.615385,94.318182,82.954545,87.755102,92.857143,82.653061,79.166667,86.813187,73.626374,87.234043,93.617021,80.851064,78.350515,94.845361,75.257732,93.814433,89.690722,85.56701
Qwen 3,qwen3-8b,8.19,unrestricted CoT,parity,0,100,100,100,58,74,58,99,97,96,97,98,97,98,100,98,99,100,99,96,99,95,91,98,89,89,97,87,88,88,78
Qwen 3.5,qwen35-0.8b,0.8,unrestricted CoT,multiplication,0,69.072165,73.195876,62.886598,96.703297,92.307692,90.10989,65.277778,61.111111,54.166667,18.518519,16.666667,11.111111,2.083333,2.083333,2.083333,3.636364,3.636364,3.636364,0,0,0,0,0,0,0,0,0,0,0,0
Qwen 3.5,qwen35-0.8b,0.8,unrestricted CoT,s5,0,6.578947,13.513514,2.702703,46.052632,42.857143,22.222222,10.169492,19.565217,2.173913,14.583333,2.631579,0,14,13.043478,6.521739,30,25,11.363636,30.769231,22,12,19.148936,0,0,21.428571,10,0,15.789474,11.111111,4.444444
Qwen 3.5,qwen35-0.8b,0.8,unrestricted CoT,parity,0,100,100,100,61.627907,66.27907,47.674419,91.752577,89.690722,83.505155,88,90,79,84,74,64,81.914894,80.851064,69.148936,58.241758,81.318681,49.450549,68.131868,80.21978,54.945055,61.904762,76.190476,52.380952,53.333333,55.555556,30
Qwen 3.5,qwen35-27b,27,unrestricted CoT,multiplication,0,100,100,100,100,100,100,100,99,99,96.969697,96.969697,94.949495,82.978723,92.553191,79.787234,91.111111,96.666667,87.777778,91.489362,96.808511,89.361702,84.782609,88.043478,76.086957,92.857143,94.047619,88.095238,72.131148,83.606557,60.655738
Qwen 3.5,qwen35-27b,27,unrestricted CoT,s5,0,99,97,97,97.938144,100,97.938144,98,98,96,100,98.969072,98.969072,97.938144,100,97.938144,100,100,100,97.979798,98.989899,97.979798,100,97.979798,97.979798,98.969072,100,98.969072,100,99,99
Qwen 3.5,qwen35-27b,27,unrestricted CoT,parity,0,100,100,100,67,74,67,100,99,99,100,100,100,100,100,100,100,100,100,100,100,100,100,100,100,100,100,100,100,100,100
Qwen 3.5,qwen35-397b-a17b,397,unrestricted CoT,multiplication,0,100,100,100,100,100,100,100,100,100,94.949495,96.969697,91.919192,91.208791,87.912088,81.318681,93.478261,96.73913,92.391304,96.666667,95.555556,94.444444,91.25,97.5,90,94.366197,87.323944,84.507042,83.333333,85.416667,75
Qwen 3.5,qwen35-397b-a17b,397,unrestricted CoT,s5,0,100,95,95,98,95,94,92,95,87,92,94,88,92,94,90,91,98,89,85,86,74,82.828283,87.878788,73.737374,83,87,72,78,84,65
Qwen 3.5,qwen35-397b-a17b,397,unrestricted CoT,parity,0,100,100,100,66,74,66,99,96,96,100,100,100,100,100,100,100,100,100,100,100,100,100,100,100,100,99,99,100,100,100
