task,model,condition,length,length_min,length_max,n_seeds,n_per_seed,public_exact_mean,public_exact_sample_sd,source
multiplication,qwen,vanilla,2,2,2,3,200,0.9533333333333333,0.00763762615825974,final_per_length_reports
multiplication,qwen,vanilla,3,3,3,3,200,0.26166666666666666,0.020207259421636887,final_per_length_reports
multiplication,qwen,vanilla,4,4,4,3,200,0.021666666666666667,0.005773502691896259,final_per_length_reports
multiplication,qwen,filler,2,2,2,3,200,0.9633333333333333,0.01527525231651948,final_per_length_reports
multiplication,qwen,filler,3,3,3,3,200,0.25166666666666665,0.0028867513459481316,final_per_length_reports
multiplication,qwen,filler,4,4,4,3,200,0.018333333333333333,0.0028867513459481294,final_per_length_reports
multiplication,qwen,public_only_cot,2,2,2,3,200,0.9966666666666667,0.0028867513459481316,final_per_length_reports
multiplication,qwen,public_only_cot,3,3,3,3,200,0.955,0.0050000000000000044,final_per_length_reports
multiplication,qwen,public_only_cot,4,4,4,3,200,0.7433333333333333,0.022546248764114492,final_per_length_reports
multiplication,qwen,piggyback,2,2,2,3,200,1.0,0.0,final_per_length_reports
multiplication,qwen,piggyback,3,3,3,3,200,0.9483333333333333,0.00763762615825974,final_per_length_reports
multiplication,qwen,piggyback,4,4,4,3,200,0.7716666666666667,0.011547005383792526,final_per_length_reports
multiplication,qwen,invisible,2,2,2,3,200,0.995,0.0050000000000000044,final_per_length_reports
multiplication,qwen,invisible,3,3,3,3,200,0.95,0.0050000000000000044,final_per_length_reports
multiplication,qwen,invisible,4,4,4,3,200,0.73,0.08674675786448738,final_per_length_reports
multiplication,llama,vanilla,2,2,2,3,200,0.865,0.013228756555322966,final_per_length_reports
multiplication,llama,vanilla,3,3,3,3,200,0.26,0.018027756377319962,final_per_length_reports
multiplication,llama,vanilla,4,4,4,3,200,0.008333333333333333,0.002886751345948129,final_per_length_reports
multiplication,llama,filler,2,2,2,3,200,0.86,0.025980762113533184,final_per_length_reports
multiplication,llama,filler,3,3,3,3,200,0.255,0.03605551275463988,final_per_length_reports
multiplication,llama,filler,4,4,4,3,200,0.006666666666666667,0.002886751345948129,final_per_length_reports
multiplication,llama,public_only_cot,2,2,2,3,200,0.9983333333333333,0.0028867513459481316,final_per_length_reports
multiplication,llama,public_only_cot,3,3,3,3,200,0.6,0.04444097208657792,final_per_length_reports
multiplication,llama,public_only_cot,4,4,4,3,200,0.043333333333333335,0.010408329997330662,final_per_length_reports
multiplication,llama,piggyback,2,2,2,3,200,1.0,0.0,final_per_length_reports
multiplication,llama,piggyback,3,3,3,3,200,0.6866666666666666,0.0028867513459480674,final_per_length_reports
multiplication,llama,piggyback,4,4,4,3,200,0.006666666666666666,0.007637626158259733,final_per_length_reports
multiplication,llama,invisible,2,2,2,3,200,1.0,0.0,final_per_length_reports
multiplication,llama,invisible,3,3,3,3,200,0.5366666666666666,0.04856267428111154,final_per_length_reports
multiplication,llama,invisible,4,4,4,3,200,0.018333333333333333,0.0028867513459481294,final_per_length_reports
iterated_addition,qwen,vanilla,1,1,1,3,200,1.0,0.0,final_per_length_reports
iterated_addition,qwen,vanilla,2,2,2,3,200,0.26,0.026457513110645915,final_per_length_reports
iterated_addition,qwen,vanilla,3,3,3,3,200,0.21666666666666667,0.025658007197234416,final_per_length_reports
iterated_addition,qwen,vanilla,4,4,4,3,200,0.16,0.010000000000000009,final_per_length_reports
iterated_addition,qwen,vanilla,5,5,5,3,200,0.13,0.01802775637731994,final_per_length_reports
iterated_addition,qwen,filler,1,1,1,3,200,1.0,0.0,final_per_length_reports
iterated_addition,qwen,filler,2,2,2,3,200,0.26,0.057662812973353975,final_per_length_reports
iterated_addition,qwen,filler,3,3,3,3,200,0.15333333333333332,0.05131601439446883,final_per_length_reports
iterated_addition,qwen,filler,4,4,4,3,200,0.14666666666666667,0.03617089069035118,final_per_length_reports
iterated_addition,qwen,filler,5,5,5,3,200,0.11166666666666666,0.06658328118479392,final_per_length_reports
iterated_addition,qwen,public_only_cot,1,1,1,3,200,1.0,0.0,final_per_length_reports
iterated_addition,qwen,public_only_cot,2,2,2,3,200,1.0,0.0,final_per_length_reports
iterated_addition,qwen,public_only_cot,3,3,3,3,200,0.9983333333333333,0.0028867513459481316,final_per_length_reports
iterated_addition,qwen,public_only_cot,4,4,4,3,200,0.9983333333333333,0.0028867513459481316,final_per_length_reports
iterated_addition,qwen,public_only_cot,5,5,5,3,200,0.995,0.0050000000000000044,final_per_length_reports
iterated_addition,qwen,piggyback,1,1,1,3,200,1.0,0.0,final_per_length_reports
iterated_addition,qwen,piggyback,2,2,2,3,200,1.0,0.0,final_per_length_reports
iterated_addition,qwen,piggyback,3,3,3,3,200,1.0,0.0,final_per_length_reports
iterated_addition,qwen,piggyback,4,4,4,3,200,0.9983333333333333,0.0028867513459481316,final_per_length_reports
iterated_addition,qwen,piggyback,5,5,5,3,200,0.995,0.008660254037844393,final_per_length_reports
iterated_addition,qwen,invisible,1,1,1,3,200,1.0,0.0,final_per_length_reports
iterated_addition,qwen,invisible,2,2,2,3,200,1.0,0.0,final_per_length_reports
iterated_addition,qwen,invisible,3,3,3,3,200,1.0,0.0,final_per_length_reports
iterated_addition,qwen,invisible,4,4,4,3,200,0.9983333333333333,0.0028867513459481316,final_per_length_reports
iterated_addition,qwen,invisible,5,5,5,3,200,0.995,0.0,final_per_length_reports
iterated_addition,llama,vanilla,1,1,1,3,200,1.0,0.0,final_per_length_reports
iterated_addition,llama,vanilla,2,2,2,3,200,0.18666666666666668,0.012583057392117928,final_per_length_reports
iterated_addition,llama,vanilla,3,3,3,3,200,0.13833333333333334,0.01443375672974064,final_per_length_reports
iterated_addition,llama,vanilla,4,4,4,3,200,0.10333333333333333,0.027537852736430512,final_per_length_reports
iterated_addition,llama,vanilla,5,5,5,3,200,0.05333333333333334,0.01527525231651947,final_per_length_reports
iterated_addition,llama,filler,1,1,1,3,200,1.0,0.0,final_per_length_reports
iterated_addition,llama,filler,2,2,2,3,200,0.18666666666666665,0.06714412359494562,final_per_length_reports
iterated_addition,llama,filler,3,3,3,3,200,0.14,0.03905124837953328,final_per_length_reports
iterated_addition,llama,filler,4,4,4,3,200,0.16,0.024999999999999994,final_per_length_reports
iterated_addition,llama,filler,5,5,5,3,200,0.09,0.04769696007084729,final_per_length_reports
iterated_addition,llama,public_only_cot,1,1,1,3,200,1.0,0.0,final_per_length_reports
iterated_addition,llama,public_only_cot,2,2,2,3,200,1.0,0.0,final_per_length_reports
iterated_addition,llama,public_only_cot,3,3,3,3,200,1.0,0.0,final_per_length_reports
iterated_addition,llama,public_only_cot,4,4,4,3,200,1.0,0.0,final_per_length_reports
iterated_addition,llama,public_only_cot,5,5,5,3,200,0.9983333333333333,0.0028867513459481316,final_per_length_reports
iterated_addition,llama,piggyback,1,1,1,3,200,1.0,0.0,final_per_length_reports
iterated_addition,llama,piggyback,2,2,2,3,200,1.0,0.0,final_per_length_reports
iterated_addition,llama,piggyback,3,3,3,3,200,1.0,0.0,final_per_length_reports
iterated_addition,llama,piggyback,4,4,4,3,200,1.0,0.0,final_per_length_reports
iterated_addition,llama,piggyback,5,5,5,3,200,1.0,0.0,final_per_length_reports
iterated_addition,llama,invisible,1,1,1,3,200,1.0,0.0,final_per_length_reports
iterated_addition,llama,invisible,2,2,2,3,200,1.0,0.0,final_per_length_reports
iterated_addition,llama,invisible,3,3,3,3,200,1.0,0.0,final_per_length_reports
iterated_addition,llama,invisible,4,4,4,3,200,1.0,0.0,final_per_length_reports
iterated_addition,llama,invisible,5,5,5,3,200,1.0,0.0,final_per_length_reports
s5_state_tracking,qwen,vanilla,1,1,1,3,200,0.765,0.0050000000000000044,final_per_length_reports
s5_state_tracking,qwen,vanilla,2,2,2,3,200,0.43666666666666665,0.01892969448600093,final_per_length_reports
s5_state_tracking,qwen,vanilla,3,3,3,3,200,0.36833333333333335,0.023094010767585053,final_per_length_reports
s5_state_tracking,qwen,vanilla,4,4,4,3,200,0.19666666666666666,0.020207259421636908,final_per_length_reports
s5_state_tracking,qwen,vanilla,5,5,5,3,200,0.125,0.01802775637731994,final_per_length_reports
s5_state_tracking,qwen,vanilla,6,6,6,3,200,0.08666666666666667,0.0028867513459481233,final_per_length_reports
s5_state_tracking,qwen,vanilla,7,7,7,3,200,0.055,0.02179449471770337,final_per_length_reports
s5_state_tracking,qwen,vanilla,8,8,8,3,200,0.06,0.01322875655532295,final_per_length_reports
s5_state_tracking,qwen,vanilla,9,9,9,3,200,0.030000000000000002,0.005000000000000001,final_per_length_reports
s5_state_tracking,qwen,vanilla,10,10,10,3,200,0.023333333333333334,0.012583057392117918,final_per_length_reports
s5_state_tracking,qwen,vanilla,11,11,11,3,200,0.016666666666666666,0.0028867513459481294,final_per_length_reports
s5_state_tracking,qwen,vanilla,12,12,12,3,200,0.008333333333333333,0.002886751345948129,final_per_length_reports
s5_state_tracking,qwen,vanilla,13,13,13,3,200,0.015,0.008660254037844387,final_per_length_reports
s5_state_tracking,qwen,vanilla,14,14,14,3,200,0.008333333333333333,0.005773502691896257,final_per_length_reports
s5_state_tracking,qwen,vanilla,15,15,15,3,200,0.02,0.005000000000000001,final_per_length_reports
s5_state_tracking,qwen,vanilla,16,16,16,3,200,0.008333333333333333,0.002886751345948129,final_per_length_reports
s5_state_tracking,qwen,vanilla,17,17,17,3,200,0.006666666666666667,0.005773502691896258,final_per_length_reports
s5_state_tracking,qwen,vanilla,18,18,18,3,200,0.006666666666666667,0.002886751345948129,final_per_length_reports
s5_state_tracking,qwen,vanilla,19,19,19,3,200,0.0033333333333333335,0.005773502691896258,final_per_length_reports
s5_state_tracking,qwen,filler,1,1,1,3,200,0.8333333333333334,0.030138568866708515,final_per_length_reports
s5_state_tracking,qwen,filler,2,2,2,3,200,0.48333333333333334,0.022546248764114464,final_per_length_reports
s5_state_tracking,qwen,filler,3,3,3,3,200,0.365,0.05678908345800276,final_per_length_reports
s5_state_tracking,qwen,filler,4,4,4,3,200,0.18833333333333332,0.03818813079129867,final_per_length_reports
s5_state_tracking,qwen,filler,5,5,5,3,200,0.13833333333333334,0.030138568866708546,final_per_length_reports
s5_state_tracking,qwen,filler,6,6,6,3,200,0.06666666666666667,0.038188130791298666,final_per_length_reports
s5_state_tracking,qwen,filler,7,7,7,3,200,0.041666666666666664,0.0057735026918962545,final_per_length_reports
s5_state_tracking,qwen,filler,8,8,8,3,200,0.03166666666666667,0.015275252316519466,final_per_length_reports
s5_state_tracking,qwen,filler,9,9,9,3,200,0.015,0.013228756555322952,final_per_length_reports
s5_state_tracking,qwen,filler,10,10,10,3,200,0.01,0.008660254037844387,final_per_length_reports
s5_state_tracking,qwen,filler,11,11,11,3,200,0.016666666666666666,0.012583057392117916,final_per_length_reports
s5_state_tracking,qwen,filler,12,12,12,3,200,0.011666666666666667,0.007637626158259733,final_per_length_reports
s5_state_tracking,qwen,filler,13,13,13,3,200,0.0033333333333333335,0.002886751345948129,final_per_length_reports
s5_state_tracking,qwen,filler,14,14,14,3,200,0.013333333333333334,0.010408329997330663,final_per_length_reports
s5_state_tracking,qwen,filler,15,15,15,3,200,0.005,0.005,final_per_length_reports
s5_state_tracking,qwen,filler,16,16,16,3,200,0.016666666666666666,0.005773502691896258,final_per_length_reports
s5_state_tracking,qwen,filler,17,17,17,3,200,0.006666666666666667,0.005773502691896258,final_per_length_reports
s5_state_tracking,qwen,filler,18,18,18,3,200,0.013333333333333332,0.002886751345948128,final_per_length_reports
s5_state_tracking,qwen,filler,19,19,19,3,200,0.0033333333333333335,0.005773502691896258,final_per_length_reports
s5_state_tracking,qwen,public_only_cot,1,1,1,3,200,1.0,0.0,final_per_length_reports
s5_state_tracking,qwen,public_only_cot,2,2,2,3,200,1.0,0.0,final_per_length_reports
s5_state_tracking,qwen,public_only_cot,3,3,3,3,200,0.9983333333333333,0.0028867513459481316,final_per_length_reports
s5_state_tracking,qwen,public_only_cot,4,4,4,3,200,1.0,0.0,final_per_length_reports
s5_state_tracking,qwen,public_only_cot,5,5,5,3,200,0.9966666666666667,0.0028867513459481316,final_per_length_reports
s5_state_tracking,qwen,public_only_cot,6,6,6,3,200,1.0,0.0,final_per_length_reports
s5_state_tracking,qwen,public_only_cot,7,7,7,3,200,1.0,0.0,final_per_length_reports
s5_state_tracking,qwen,public_only_cot,8,8,8,3,200,1.0,0.0,final_per_length_reports
s5_state_tracking,qwen,public_only_cot,9,9,9,3,200,0.9966666666666667,0.005773502691896263,final_per_length_reports
s5_state_tracking,qwen,public_only_cot,10,10,10,3,200,0.9983333333333333,0.0028867513459481316,final_per_length_reports
s5_state_tracking,qwen,public_only_cot,11,11,11,3,200,0.9966666666666667,0.005773502691896263,final_per_length_reports
s5_state_tracking,qwen,public_only_cot,12,12,12,3,200,0.9933333333333333,0.011547005383792526,final_per_length_reports
s5_state_tracking,qwen,public_only_cot,13,13,13,3,200,0.9983333333333333,0.0028867513459481316,final_per_length_reports
s5_state_tracking,qwen,public_only_cot,14,14,14,3,200,0.9966666666666667,0.005773502691896263,final_per_length_reports
s5_state_tracking,qwen,public_only_cot,15,15,15,3,200,0.9966666666666667,0.0028867513459481316,final_per_length_reports
s5_state_tracking,qwen,public_only_cot,16,16,16,3,200,0.9983333333333333,0.0028867513459481316,final_per_length_reports
s5_state_tracking,qwen,public_only_cot,17,17,17,3,200,0.9983333333333333,0.0028867513459481316,final_per_length_reports
s5_state_tracking,qwen,public_only_cot,18,18,18,3,200,1.0,0.0,final_per_length_reports
s5_state_tracking,qwen,public_only_cot,19,19,19,3,200,0.9933333333333333,0.0028867513459481316,final_per_length_reports
s5_state_tracking,qwen,piggyback,1,1,1,3,200,1.0,0.0,final_per_length_reports
s5_state_tracking,qwen,piggyback,2,2,2,3,200,1.0,0.0,final_per_length_reports
s5_state_tracking,qwen,piggyback,3,3,3,3,200,0.995,0.008660254037844393,final_per_length_reports
s5_state_tracking,qwen,piggyback,4,4,4,3,200,0.9966666666666667,0.005773502691896263,final_per_length_reports
s5_state_tracking,qwen,piggyback,5,5,5,3,200,0.9983333333333333,0.0028867513459481316,final_per_length_reports
s5_state_tracking,qwen,piggyback,6,6,6,3,200,0.9916666666666667,0.00763762615825974,final_per_length_reports
s5_state_tracking,qwen,piggyback,7,7,7,3,200,0.99,0.013228756555322966,final_per_length_reports
s5_state_tracking,qwen,piggyback,8,8,8,3,200,0.995,0.0050000000000000044,final_per_length_reports
s5_state_tracking,qwen,piggyback,9,9,9,3,200,0.9866666666666667,0.01892969448600093,final_per_length_reports
s5_state_tracking,qwen,piggyback,10,10,10,3,200,0.9916666666666667,0.014433756729740658,final_per_length_reports
s5_state_tracking,qwen,piggyback,11,11,11,3,200,0.9933333333333333,0.011547005383792526,final_per_length_reports
s5_state_tracking,qwen,piggyback,12,12,12,3,200,0.9933333333333333,0.005773502691896263,final_per_length_reports
s5_state_tracking,qwen,piggyback,13,13,13,3,200,0.985,0.015000000000000013,final_per_length_reports
s5_state_tracking,qwen,piggyback,14,14,14,3,200,0.9883333333333333,0.016072751268321604,final_per_length_reports
s5_state_tracking,qwen,piggyback,15,15,15,3,200,0.9933333333333333,0.005773502691896263,final_per_length_reports
s5_state_tracking,qwen,piggyback,16,16,16,3,200,0.9833333333333333,0.017559422921421246,final_per_length_reports
s5_state_tracking,qwen,piggyback,17,17,17,3,200,0.9766666666666667,0.02843120351538666,final_per_length_reports
s5_state_tracking,qwen,piggyback,18,18,18,3,200,0.9766666666666667,0.03214550253664321,final_per_length_reports
s5_state_tracking,qwen,piggyback,19,19,19,3,200,0.9883333333333333,0.010408329997330674,final_per_length_reports
s5_state_tracking,qwen,invisible,1,1,1,3,200,1.0,0.0,final_per_length_reports
s5_state_tracking,qwen,invisible,2,2,2,3,200,0.9966666666666667,0.005773502691896263,final_per_length_reports
s5_state_tracking,qwen,invisible,3,3,3,3,200,0.9966666666666667,0.005773502691896263,final_per_length_reports
s5_state_tracking,qwen,invisible,4,4,4,3,200,1.0,0.0,final_per_length_reports
s5_state_tracking,qwen,invisible,5,5,5,3,200,0.9933333333333333,0.011547005383792526,final_per_length_reports
s5_state_tracking,qwen,invisible,6,6,6,3,200,0.995,0.008660254037844393,final_per_length_reports
s5_state_tracking,qwen,invisible,7,7,7,3,200,0.99,0.017320508075688787,final_per_length_reports
s5_state_tracking,qwen,invisible,8,8,8,3,200,0.9916666666666667,0.014433756729740658,final_per_length_reports
s5_state_tracking,qwen,invisible,9,9,9,3,200,0.99,0.017320508075688787,final_per_length_reports
s5_state_tracking,qwen,invisible,10,10,10,3,200,0.9866666666666667,0.023094010767585053,final_per_length_reports
s5_state_tracking,qwen,invisible,11,11,11,3,200,0.9866666666666667,0.023094010767585053,final_per_length_reports
s5_state_tracking,qwen,invisible,12,12,12,3,200,0.975,0.043301270189221905,final_per_length_reports
s5_state_tracking,qwen,invisible,13,13,13,3,200,0.9833333333333333,0.028867513459481315,final_per_length_reports
s5_state_tracking,qwen,invisible,14,14,14,3,200,0.99,0.017320508075688787,final_per_length_reports
s5_state_tracking,qwen,invisible,15,15,15,3,200,0.9866666666666667,0.023094010767585053,final_per_length_reports
s5_state_tracking,qwen,invisible,16,16,16,3,200,0.9816666666666667,0.03175426480542944,final_per_length_reports
s5_state_tracking,qwen,invisible,17,17,17,3,200,0.985,0.025980762113533184,final_per_length_reports
s5_state_tracking,qwen,invisible,18,18,18,3,200,0.975,0.043301270189221905,final_per_length_reports
s5_state_tracking,qwen,invisible,19,19,19,3,200,0.99,0.017320508075688787,final_per_length_reports
s5_state_tracking,llama,vanilla,1,1,1,3,200,0.8133333333333334,0.028431203515386597,final_per_length_reports
s5_state_tracking,llama,vanilla,2,2,2,3,200,0.6883333333333334,0.023094010767584987,final_per_length_reports
s5_state_tracking,llama,vanilla,3,3,3,3,200,0.6016666666666667,0.03785938897200186,final_per_length_reports
s5_state_tracking,llama,vanilla,4,4,4,3,200,0.5433333333333333,0.04041451884327379,final_per_length_reports
s5_state_tracking,llama,vanilla,5,5,5,3,200,0.5583333333333333,0.03329164059239693,final_per_length_reports
s5_state_tracking,llama,vanilla,6,6,6,3,200,0.545,0.08499999999999999,final_per_length_reports
s5_state_tracking,llama,vanilla,7,7,7,3,200,0.5083333333333333,0.03253203549323859,final_per_length_reports
s5_state_tracking,llama,vanilla,8,8,8,3,200,0.5016666666666667,0.054848275573014464,final_per_length_reports
s5_state_tracking,llama,vanilla,9,9,9,3,200,0.49333333333333335,0.07371114795831997,final_per_length_reports
s5_state_tracking,llama,vanilla,10,10,10,3,200,0.4766666666666667,0.04804511768466526,final_per_length_reports
s5_state_tracking,llama,vanilla,11,11,11,3,200,0.5033333333333334,0.08548879068821441,final_per_length_reports
s5_state_tracking,llama,vanilla,12,12,12,3,200,0.44333333333333336,0.07637626158259735,final_per_length_reports
s5_state_tracking,llama,vanilla,13,13,13,3,200,0.43,0.06614378277661476,final_per_length_reports
s5_state_tracking,llama,vanilla,14,14,14,3,200,0.42833333333333334,0.0851958527942137,final_per_length_reports
s5_state_tracking,llama,vanilla,15,15,15,3,200,0.42,0.065,final_per_length_reports
s5_state_tracking,llama,vanilla,16,16,16,3,200,0.41333333333333333,0.08144527815247077,final_per_length_reports
s5_state_tracking,llama,vanilla,17,17,17,3,200,0.395,0.09178779875342911,final_per_length_reports
s5_state_tracking,llama,vanilla,18,18,18,3,200,0.3383333333333333,0.05923118547972286,final_per_length_reports
s5_state_tracking,llama,vanilla,19,19,19,3,200,0.35333333333333333,0.1096965511460289,final_per_length_reports
s5_state_tracking,llama,filler,1,1,1,3,200,0.8266666666666667,0.00763762615825974,final_per_length_reports
s5_state_tracking,llama,filler,2,2,2,3,200,0.5916666666666667,0.040104031385053196,final_per_length_reports
s5_state_tracking,llama,filler,3,3,3,3,200,0.4666666666666667,0.06291528696058958,final_per_length_reports
s5_state_tracking,llama,filler,4,4,4,3,200,0.3466666666666667,0.10515861036231572,final_per_length_reports
s5_state_tracking,llama,filler,5,5,5,3,200,0.32666666666666666,0.12983964469041545,final_per_length_reports
s5_state_tracking,llama,filler,6,6,6,3,200,0.29666666666666663,0.12750816967290107,final_per_length_reports
s5_state_tracking,llama,filler,7,7,7,3,200,0.24000000000000002,0.1014889156509222,final_per_length_reports
s5_state_tracking,llama,filler,8,8,8,3,200,0.225,0.0804673846971554,final_per_length_reports
s5_state_tracking,llama,filler,9,9,9,3,200,0.215,0.09499999999999999,final_per_length_reports
s5_state_tracking,llama,filler,10,10,10,3,200,0.22,0.12619429464123963,final_per_length_reports
s5_state_tracking,llama,filler,11,11,11,3,200,0.22,0.14239030865898142,final_per_length_reports
s5_state_tracking,llama,filler,12,12,12,3,200,0.19166666666666665,0.11361484644769508,final_per_length_reports
s5_state_tracking,llama,filler,13,13,13,3,200,0.18333333333333335,0.08808140174482541,final_per_length_reports
s5_state_tracking,llama,filler,14,14,14,3,200,0.18,0.09656603957913984,final_per_length_reports
s5_state_tracking,llama,filler,15,15,15,3,200,0.16666666666666666,0.12553220038433696,final_per_length_reports
s5_state_tracking,llama,filler,16,16,16,3,200,0.18,0.14239030865898145,final_per_length_reports
s5_state_tracking,llama,filler,17,17,17,3,200,0.17333333333333334,0.10912531023247235,final_per_length_reports
s5_state_tracking,llama,filler,18,18,18,3,200,0.13333333333333333,0.09004628439493399,final_per_length_reports
s5_state_tracking,llama,filler,19,19,19,3,200,0.11333333333333334,0.09776672917374976,final_per_length_reports
s5_state_tracking,llama,public_only_cot,1,1,1,3,200,1.0,0.0,final_per_length_reports
s5_state_tracking,llama,public_only_cot,2,2,2,3,200,0.9966666666666667,0.0028867513459481316,final_per_length_reports
s5_state_tracking,llama,public_only_cot,3,3,3,3,200,0.9983333333333333,0.0028867513459481316,final_per_length_reports
s5_state_tracking,llama,public_only_cot,4,4,4,3,200,0.9983333333333333,0.0028867513459481316,final_per_length_reports
s5_state_tracking,llama,public_only_cot,5,5,5,3,200,0.99,0.013228756555322966,final_per_length_reports
s5_state_tracking,llama,public_only_cot,6,6,6,3,200,0.9966666666666667,0.005773502691896263,final_per_length_reports
s5_state_tracking,llama,public_only_cot,7,7,7,3,200,0.9916666666666667,0.010408329997330674,final_per_length_reports
s5_state_tracking,llama,public_only_cot,8,8,8,3,200,0.995,0.0050000000000000044,final_per_length_reports
s5_state_tracking,llama,public_only_cot,9,9,9,3,200,0.9916666666666667,0.014433756729740658,final_per_length_reports
s5_state_tracking,llama,public_only_cot,10,10,10,3,200,0.995,0.0050000000000000044,final_per_length_reports
s5_state_tracking,llama,public_only_cot,11,11,11,3,200,0.9966666666666667,0.005773502691896263,final_per_length_reports
s5_state_tracking,llama,public_only_cot,12,12,12,3,200,0.99,0.008660254037844393,final_per_length_reports
s5_state_tracking,llama,public_only_cot,13,13,13,3,200,0.9816666666666667,0.014433756729740658,final_per_length_reports
s5_state_tracking,llama,public_only_cot,14,14,14,3,200,0.9883333333333333,0.011547005383792526,final_per_length_reports
s5_state_tracking,llama,public_only_cot,15,15,15,3,200,0.9833333333333333,0.017559422921421246,final_per_length_reports
s5_state_tracking,llama,public_only_cot,16,16,16,3,200,0.9883333333333333,0.016072751268321604,final_per_length_reports
s5_state_tracking,llama,public_only_cot,17,17,17,3,200,0.98,0.015000000000000013,final_per_length_reports
s5_state_tracking,llama,public_only_cot,18,18,18,3,200,0.9833333333333333,0.01527525231651948,final_per_length_reports
s5_state_tracking,llama,public_only_cot,19,19,19,3,200,0.975,0.020000000000000018,final_per_length_reports
s5_state_tracking,llama,piggyback,1,1,1,3,200,0.9983333333333333,0.0028867513459481316,final_per_length_reports
s5_state_tracking,llama,piggyback,2,2,2,3,200,0.9983333333333333,0.0028867513459481316,final_per_length_reports
s5_state_tracking,llama,piggyback,3,3,3,3,200,0.995,0.0050000000000000044,final_per_length_reports
s5_state_tracking,llama,piggyback,4,4,4,3,200,0.9966666666666667,0.005773502691896263,final_per_length_reports
s5_state_tracking,llama,piggyback,5,5,5,3,200,0.9983333333333333,0.0028867513459481316,final_per_length_reports
s5_state_tracking,llama,piggyback,6,6,6,3,200,0.9966666666666667,0.005773502691896263,final_per_length_reports
s5_state_tracking,llama,piggyback,7,7,7,3,200,0.995,0.0050000000000000044,final_per_length_reports
s5_state_tracking,llama,piggyback,8,8,8,3,200,0.99,0.010000000000000009,final_per_length_reports
s5_state_tracking,llama,piggyback,9,9,9,3,200,1.0,0.0,final_per_length_reports
s5_state_tracking,llama,piggyback,10,10,10,3,200,0.9933333333333333,0.00763762615825974,final_per_length_reports
s5_state_tracking,llama,piggyback,11,11,11,3,200,0.9916666666666667,0.010408329997330674,final_per_length_reports
s5_state_tracking,llama,piggyback,12,12,12,3,200,0.995,0.008660254037844393,final_per_length_reports
s5_state_tracking,llama,piggyback,13,13,13,3,200,0.995,0.008660254037844393,final_per_length_reports
s5_state_tracking,llama,piggyback,14,14,14,3,200,0.9933333333333333,0.00763762615825974,final_per_length_reports
s5_state_tracking,llama,piggyback,15,15,15,3,200,0.995,0.0050000000000000044,final_per_length_reports
s5_state_tracking,llama,piggyback,16,16,16,3,200,0.9883333333333333,0.020207259421636918,final_per_length_reports
s5_state_tracking,llama,piggyback,17,17,17,3,200,0.9966666666666667,0.005773502691896263,final_per_length_reports
s5_state_tracking,llama,piggyback,18,18,18,3,200,0.9916666666666667,0.00763762615825974,final_per_length_reports
s5_state_tracking,llama,piggyback,19,19,19,3,200,0.9916666666666667,0.00763762615825974,final_per_length_reports
s5_state_tracking,llama,invisible,1,1,1,3,200,1.0,0.0,final_per_length_reports
s5_state_tracking,llama,invisible,2,2,2,3,200,0.9933333333333333,0.011547005383792526,final_per_length_reports
s5_state_tracking,llama,invisible,3,3,3,3,200,0.98,0.034641016151377574,final_per_length_reports
s5_state_tracking,llama,invisible,4,4,4,3,200,0.9883333333333333,0.010408329997330674,final_per_length_reports
s5_state_tracking,llama,invisible,5,5,5,3,200,0.9916666666666667,0.00763762615825974,final_per_length_reports
s5_state_tracking,llama,invisible,6,6,6,3,200,0.98,0.018027756377319962,final_per_length_reports
s5_state_tracking,llama,invisible,7,7,7,3,200,0.98,0.018027756377319962,final_per_length_reports
s5_state_tracking,llama,invisible,8,8,8,3,200,0.98,0.02291287847477922,final_per_length_reports
s5_state_tracking,llama,invisible,9,9,9,3,200,0.98,0.026457513110645932,final_per_length_reports
s5_state_tracking,llama,invisible,10,10,10,3,200,0.9816666666666667,0.017559422921421246,final_per_length_reports
s5_state_tracking,llama,invisible,11,11,11,3,200,0.9816666666666667,0.017559422921421246,final_per_length_reports
s5_state_tracking,llama,invisible,12,12,12,3,200,0.9683333333333334,0.03547299442298791,final_per_length_reports
s5_state_tracking,llama,invisible,13,13,13,3,200,0.9783333333333333,0.01892969448600093,final_per_length_reports
s5_state_tracking,llama,invisible,14,14,14,3,200,0.9633333333333334,0.0436844747402705,final_per_length_reports
s5_state_tracking,llama,invisible,15,15,15,3,200,0.975,0.027838821814150136,final_per_length_reports
s5_state_tracking,llama,invisible,16,16,16,3,200,0.9683333333333333,0.030138568866708567,final_per_length_reports
s5_state_tracking,llama,invisible,17,17,17,3,200,0.9516666666666667,0.050083264004389054,final_per_length_reports
s5_state_tracking,llama,invisible,18,18,18,3,200,0.9516666666666667,0.04536885862938732,final_per_length_reports
s5_state_tracking,llama,invisible,19,19,19,3,200,0.9483333333333334,0.044814432199162486,final_per_length_reports
plain_parity,qwen,vanilla,008_015,8,15,3,200,0.49833333333333335,0.00763762615825974,final_per_example_responses
plain_parity,qwen,vanilla,016_031,16,31,3,200,0.5016666666666667,0.00763762615825974,final_per_example_responses
plain_parity,qwen,vanilla,032_063,32,63,3,200,0.5016666666666667,0.0028867513459481316,final_per_example_responses
plain_parity,qwen,vanilla,064_127,64,127,3,200,0.495,0.008660254037844393,final_per_example_responses
plain_parity,qwen,vanilla,128_255,128,255,3,200,0.5,0.0,final_per_example_responses
plain_parity,qwen,filler,008_015,8,15,3,200,0.485,0.013228756555322966,final_per_example_responses
plain_parity,qwen,filler,016_031,16,31,3,200,0.505,0.008660254037844393,final_per_example_responses
plain_parity,qwen,filler,032_063,32,63,3,200,0.5,0.0,final_per_example_responses
plain_parity,qwen,filler,064_127,64,127,3,200,0.495,0.008660254037844393,final_per_example_responses
plain_parity,qwen,filler,128_255,128,255,3,200,0.5083333333333333,0.014433756729740658,final_per_example_responses
plain_parity,qwen,public_only_cot,008_015,8,15,3,200,1.0,0.0,final_per_example_responses
plain_parity,qwen,public_only_cot,016_031,16,31,3,200,1.0,0.0,final_per_example_responses
plain_parity,qwen,public_only_cot,032_063,32,63,3,200,1.0,0.0,final_per_example_responses
plain_parity,qwen,public_only_cot,064_127,64,127,3,200,0.9916666666666667,0.00763762615825974,final_per_example_responses
plain_parity,qwen,public_only_cot,128_255,128,255,3,200,0.9883333333333333,0.00763762615825974,final_per_example_responses
plain_parity,qwen,piggyback,008_015,8,15,3,200,1.0,0.0,final_per_example_responses
plain_parity,qwen,piggyback,016_031,16,31,3,200,1.0,0.0,final_per_example_responses
plain_parity,qwen,piggyback,032_063,32,63,3,200,1.0,0.0,final_per_example_responses
plain_parity,qwen,piggyback,064_127,64,127,3,200,1.0,0.0,final_per_example_responses
plain_parity,qwen,piggyback,128_255,128,255,3,200,0.99,0.013228756555322966,final_per_example_responses
plain_parity,qwen,invisible,008_015,8,15,3,200,1.0,0.0,final_per_example_responses
plain_parity,qwen,invisible,016_031,16,31,3,200,1.0,0.0,final_per_example_responses
plain_parity,qwen,invisible,032_063,32,63,3,200,1.0,0.0,final_per_example_responses
plain_parity,qwen,invisible,064_127,64,127,3,200,0.9983333333333333,0.0028867513459481316,final_per_example_responses
plain_parity,qwen,invisible,128_255,128,255,3,200,0.9833333333333333,0.00763762615825974,final_per_example_responses
plain_parity,llama,vanilla,008_015,8,15,3,200,0.5,0.0,final_per_example_responses
plain_parity,llama,vanilla,016_031,16,31,3,200,0.5,0.0,final_per_example_responses
plain_parity,llama,vanilla,032_063,32,63,3,200,0.5,0.0,final_per_example_responses
plain_parity,llama,vanilla,064_127,64,127,3,200,0.49166666666666664,0.014433756729740658,final_per_example_responses
plain_parity,llama,vanilla,128_255,128,255,3,200,0.49833333333333335,0.0028867513459481316,final_per_example_responses
plain_parity,llama,filler,008_015,8,15,3,200,0.5266666666666666,0.046188021535170036,final_per_example_responses
plain_parity,llama,filler,016_031,16,31,3,200,0.5183333333333333,0.03175426480542944,final_per_example_responses
plain_parity,llama,filler,032_063,32,63,3,200,0.5,0.0,final_per_example_responses
plain_parity,llama,filler,064_127,64,127,3,200,0.49833333333333335,0.0028867513459481316,final_per_example_responses
plain_parity,llama,filler,128_255,128,255,3,200,0.505,0.008660254037844393,final_per_example_responses
plain_parity,llama,public_only_cot,008_015,8,15,3,200,1.0,0.0,final_per_example_responses
plain_parity,llama,public_only_cot,016_031,16,31,3,200,0.9966666666666667,0.005773502691896263,final_per_example_responses
plain_parity,llama,public_only_cot,032_063,32,63,3,200,1.0,0.0,final_per_example_responses
plain_parity,llama,public_only_cot,064_127,64,127,3,200,0.9983333333333333,0.0028867513459481316,final_per_example_responses
plain_parity,llama,public_only_cot,128_255,128,255,3,200,0.9933333333333333,0.00763762615825974,final_per_example_responses
plain_parity,llama,piggyback,008_015,8,15,3,200,1.0,0.0,final_per_example_responses
plain_parity,llama,piggyback,016_031,16,31,3,200,1.0,0.0,final_per_example_responses
plain_parity,llama,piggyback,032_063,32,63,3,200,1.0,0.0,final_per_example_responses
plain_parity,llama,piggyback,064_127,64,127,3,200,1.0,0.0,final_per_example_responses
plain_parity,llama,piggyback,128_255,128,255,3,200,1.0,0.0,final_per_example_responses
plain_parity,llama,invisible,008_015,8,15,3,200,1.0,0.0,final_per_example_responses
plain_parity,llama,invisible,016_031,16,31,3,200,1.0,0.0,final_per_example_responses
plain_parity,llama,invisible,032_063,32,63,3,200,1.0,0.0,final_per_example_responses
plain_parity,llama,invisible,064_127,64,127,3,200,1.0,0.0,final_per_example_responses
plain_parity,llama,invisible,128_255,128,255,3,200,0.9983333333333333,0.0028867513459481316,final_per_example_responses
