paradigm,model,task,method,length,length_min,length_max,covert_accuracy_pct,sample_sd_pct,source
prompting,qwen35-27b,multiplication,Full CoT (open),1,1,1,100.0,,unrestricted CoT
prompting,qwen35-27b,multiplication,Full CoT (open),2,2,2,100.0,,unrestricted CoT
prompting,qwen35-27b,multiplication,Full CoT (open),3,3,3,99.0,,unrestricted CoT
prompting,qwen35-27b,multiplication,Full CoT (open),4,4,4,96.969697,,unrestricted CoT
prompting,qwen35-27b,multiplication,Full CoT (open),5,5,5,92.553191,,unrestricted CoT
prompting,qwen35-27b,multiplication,Full CoT (open),6,6,6,96.666667,,unrestricted CoT
prompting,qwen35-27b,multiplication,Full CoT (open),7,7,7,96.808511,,unrestricted CoT
prompting,qwen35-27b,multiplication,Full CoT (open),8,8,8,88.043478,,unrestricted CoT
prompting,qwen35-27b,multiplication,Full CoT (open),9,9,9,94.047619,,unrestricted CoT
prompting,qwen35-27b,multiplication,Full CoT (open),10,10,10,83.606557,,unrestricted CoT
prompting,qwen35-27b,multiplication,Vanilla,1,1,1,100.0,,vanilla
prompting,qwen35-27b,multiplication,Vanilla,2,2,2,100.0,,vanilla
prompting,qwen35-27b,multiplication,Vanilla,3,3,3,98.0,,vanilla
prompting,qwen35-27b,multiplication,Vanilla,4,4,4,93.0,,vanilla
prompting,qwen35-27b,multiplication,Vanilla,5,5,5,33.0,,vanilla
prompting,qwen35-27b,multiplication,Vanilla,6,6,6,1.0,,vanilla
prompting,qwen35-27b,multiplication,Vanilla,7,7,7,0.0,,vanilla
prompting,qwen35-27b,multiplication,Vanilla,8,8,8,0.0,,vanilla
prompting,qwen35-27b,multiplication,Vanilla,9,9,9,0.0,,vanilla
prompting,qwen35-27b,multiplication,Vanilla,10,10,10,0.0,,vanilla
prompting,qwen35-27b,multiplication,Filler,1,1,1,100.0,,vanilla + filler
prompting,qwen35-27b,multiplication,Filler,2,2,2,100.0,,vanilla + filler
prompting,qwen35-27b,multiplication,Filler,3,3,3,98.0,,vanilla + filler
prompting,qwen35-27b,multiplication,Filler,4,4,4,93.0,,vanilla + filler
prompting,qwen35-27b,multiplication,Filler,5,5,5,27.0,,vanilla + filler
prompting,qwen35-27b,multiplication,Filler,6,6,6,1.0,,vanilla + filler
prompting,qwen35-27b,multiplication,Filler,7,7,7,0.0,,vanilla + filler
prompting,qwen35-27b,multiplication,Filler,8,8,8,0.0,,vanilla + filler
prompting,qwen35-27b,multiplication,Filler,9,9,9,0.0,,vanilla + filler
prompting,qwen35-27b,multiplication,Filler,10,10,10,0.0,,vanilla + filler
prompting,qwen35-27b,multiplication,Public-only CoT,1,1,1,100.0,,CoT
prompting,qwen35-27b,multiplication,Public-only CoT,2,2,2,100.0,,CoT
prompting,qwen35-27b,multiplication,Public-only CoT,3,3,3,98.0,,CoT
prompting,qwen35-27b,multiplication,Public-only CoT,4,4,4,89.89899,,CoT
prompting,qwen35-27b,multiplication,Public-only CoT,5,5,5,13.0,,CoT
prompting,qwen35-27b,multiplication,Public-only CoT,6,6,6,0.0,,CoT
prompting,qwen35-27b,multiplication,Public-only CoT,7,7,7,0.0,,CoT
prompting,qwen35-27b,multiplication,Public-only CoT,8,8,8,0.0,,CoT
prompting,qwen35-27b,multiplication,Public-only CoT,9,9,9,0.0,,CoT
prompting,qwen35-27b,multiplication,Public-only CoT,10,10,10,0.0,,CoT
prompting,qwen35-27b,multiplication,Piggybacking,1,1,1,100.0,,Piggy
prompting,qwen35-27b,multiplication,Piggybacking,2,2,2,100.0,,Piggy
prompting,qwen35-27b,multiplication,Piggybacking,3,3,3,96.875,,Piggy
prompting,qwen35-27b,multiplication,Piggybacking,4,4,4,82.828283,,Piggy
prompting,qwen35-27b,multiplication,Piggybacking,5,5,5,38.77551,,Piggy
prompting,qwen35-27b,multiplication,Piggybacking,6,6,6,28.0,,Piggy
prompting,qwen35-27b,multiplication,Piggybacking,7,7,7,26.804124,,Piggy
prompting,qwen35-27b,multiplication,Piggybacking,8,8,8,15.151515,,Piggy
prompting,qwen35-27b,multiplication,Piggybacking,9,9,9,21.428571,,Piggy
prompting,qwen35-27b,multiplication,Piggybacking,10,10,10,15.151515,,Piggy
prompting,qwen35-27b,parity,Full CoT (open),1,1,1,100.0,,unrestricted CoT
prompting,qwen35-27b,parity,Full CoT (open),2,2,2,74.0,,unrestricted CoT
prompting,qwen35-27b,parity,Full CoT (open),3,3,3,99.0,,unrestricted CoT
prompting,qwen35-27b,parity,Full CoT (open),4,4,4,100.0,,unrestricted CoT
prompting,qwen35-27b,parity,Full CoT (open),5,5,5,100.0,,unrestricted CoT
prompting,qwen35-27b,parity,Full CoT (open),6,6,6,100.0,,unrestricted CoT
prompting,qwen35-27b,parity,Full CoT (open),7,7,7,100.0,,unrestricted CoT
prompting,qwen35-27b,parity,Full CoT (open),8,8,8,100.0,,unrestricted CoT
prompting,qwen35-27b,parity,Full CoT (open),9,9,9,100.0,,unrestricted CoT
prompting,qwen35-27b,parity,Full CoT (open),10,10,10,100.0,,unrestricted CoT
prompting,qwen35-27b,parity,Vanilla,1,1,1,100.0,,vanilla
prompting,qwen35-27b,parity,Vanilla,2,2,2,90.0,,vanilla
prompting,qwen35-27b,parity,Vanilla,3,3,3,99.0,,vanilla
prompting,qwen35-27b,parity,Vanilla,4,4,4,96.0,,vanilla
prompting,qwen35-27b,parity,Vanilla,5,5,5,84.0,,vanilla
prompting,qwen35-27b,parity,Vanilla,6,6,6,75.0,,vanilla
prompting,qwen35-27b,parity,Vanilla,7,7,7,62.0,,vanilla
prompting,qwen35-27b,parity,Vanilla,8,8,8,45.0,,vanilla
prompting,qwen35-27b,parity,Vanilla,9,9,9,50.0,,vanilla
prompting,qwen35-27b,parity,Vanilla,10,10,10,47.0,,vanilla
prompting,qwen35-27b,parity,Filler,1,1,1,100.0,,vanilla + filler
prompting,qwen35-27b,parity,Filler,2,2,2,90.0,,vanilla + filler
prompting,qwen35-27b,parity,Filler,3,3,3,99.0,,vanilla + filler
prompting,qwen35-27b,parity,Filler,4,4,4,97.0,,vanilla + filler
prompting,qwen35-27b,parity,Filler,5,5,5,79.0,,vanilla + filler
prompting,qwen35-27b,parity,Filler,6,6,6,68.0,,vanilla + filler
prompting,qwen35-27b,parity,Filler,7,7,7,61.0,,vanilla + filler
prompting,qwen35-27b,parity,Filler,8,8,8,50.0,,vanilla + filler
prompting,qwen35-27b,parity,Filler,9,9,9,57.0,,vanilla + filler
prompting,qwen35-27b,parity,Filler,10,10,10,47.0,,vanilla + filler
prompting,qwen35-27b,parity,Public-only CoT,1,1,1,100.0,,CoT
prompting,qwen35-27b,parity,Public-only CoT,2,2,2,100.0,,CoT
prompting,qwen35-27b,parity,Public-only CoT,3,3,3,98.0,,CoT
prompting,qwen35-27b,parity,Public-only CoT,4,4,4,94.0,,CoT
prompting,qwen35-27b,parity,Public-only CoT,5,5,5,85.0,,CoT
prompting,qwen35-27b,parity,Public-only CoT,6,6,6,69.0,,CoT
prompting,qwen35-27b,parity,Public-only CoT,7,7,7,63.0,,CoT
prompting,qwen35-27b,parity,Public-only CoT,8,8,8,49.0,,CoT
prompting,qwen35-27b,parity,Public-only CoT,9,9,9,44.0,,CoT
prompting,qwen35-27b,parity,Public-only CoT,10,10,10,39.0,,CoT
prompting,qwen35-27b,parity,Piggybacking,1,1,1,100.0,,Piggy
prompting,qwen35-27b,parity,Piggybacking,2,2,2,100.0,,Piggy
prompting,qwen35-27b,parity,Piggybacking,3,3,3,100.0,,Piggy
prompting,qwen35-27b,parity,Piggybacking,4,4,4,100.0,,Piggy
prompting,qwen35-27b,parity,Piggybacking,5,5,5,100.0,,Piggy
prompting,qwen35-27b,parity,Piggybacking,6,6,6,98.0,,Piggy
prompting,qwen35-27b,parity,Piggybacking,7,7,7,100.0,,Piggy
prompting,qwen35-27b,parity,Piggybacking,8,8,8,100.0,,Piggy
prompting,qwen35-27b,parity,Piggybacking,9,9,9,100.0,,Piggy
prompting,qwen35-27b,parity,Piggybacking,10,10,10,100.0,,Piggy
prompting,qwen35-27b,s5,Full CoT (open),1,1,1,97.0,,unrestricted CoT
prompting,qwen35-27b,s5,Full CoT (open),2,2,2,100.0,,unrestricted CoT
prompting,qwen35-27b,s5,Full CoT (open),3,3,3,98.0,,unrestricted CoT
prompting,qwen35-27b,s5,Full CoT (open),4,4,4,98.969072,,unrestricted CoT
prompting,qwen35-27b,s5,Full CoT (open),5,5,5,100.0,,unrestricted CoT
prompting,qwen35-27b,s5,Full CoT (open),6,6,6,100.0,,unrestricted CoT
prompting,qwen35-27b,s5,Full CoT (open),7,7,7,98.989899,,unrestricted CoT
prompting,qwen35-27b,s5,Full CoT (open),8,8,8,97.979798,,unrestricted CoT
prompting,qwen35-27b,s5,Full CoT (open),9,9,9,100.0,,unrestricted CoT
prompting,qwen35-27b,s5,Full CoT (open),10,10,10,99.0,,unrestricted CoT
prompting,qwen35-27b,s5,Vanilla,1,1,1,36.082474,,vanilla
prompting,qwen35-27b,s5,Vanilla,2,2,2,14.0,,vanilla
prompting,qwen35-27b,s5,Vanilla,3,3,3,7.0,,vanilla
prompting,qwen35-27b,s5,Vanilla,4,4,4,3.0,,vanilla
prompting,qwen35-27b,s5,Vanilla,5,5,5,4.0,,vanilla
prompting,qwen35-27b,s5,Vanilla,6,6,6,1.0,,vanilla
prompting,qwen35-27b,s5,Vanilla,7,7,7,3.0,,vanilla
prompting,qwen35-27b,s5,Vanilla,8,8,8,0.0,,vanilla
prompting,qwen35-27b,s5,Vanilla,9,9,9,1.0,,vanilla
prompting,qwen35-27b,s5,Vanilla,10,10,10,0.0,,vanilla
prompting,qwen35-27b,s5,Filler,1,1,1,37.373737,,vanilla + filler
prompting,qwen35-27b,s5,Filler,2,2,2,13.131313,,vanilla + filler
prompting,qwen35-27b,s5,Filler,3,3,3,8.0,,vanilla + filler
prompting,qwen35-27b,s5,Filler,4,4,4,4.0,,vanilla + filler
prompting,qwen35-27b,s5,Filler,5,5,5,3.0,,vanilla + filler
prompting,qwen35-27b,s5,Filler,6,6,6,1.0,,vanilla + filler
prompting,qwen35-27b,s5,Filler,7,7,7,2.0,,vanilla + filler
prompting,qwen35-27b,s5,Filler,8,8,8,0.0,,vanilla + filler
prompting,qwen35-27b,s5,Filler,9,9,9,0.0,,vanilla + filler
prompting,qwen35-27b,s5,Filler,10,10,10,0.0,,vanilla + filler
prompting,qwen35-27b,s5,Public-only CoT,1,1,1,29.591837,,CoT
prompting,qwen35-27b,s5,Public-only CoT,2,2,2,8.0,,CoT
prompting,qwen35-27b,s5,Public-only CoT,3,3,3,7.142857,,CoT
prompting,qwen35-27b,s5,Public-only CoT,4,4,4,2.105263,,CoT
prompting,qwen35-27b,s5,Public-only CoT,5,5,5,2.197802,,CoT
prompting,qwen35-27b,s5,Public-only CoT,6,6,6,0.0,,CoT
prompting,qwen35-27b,s5,Public-only CoT,7,7,7,0.0,,CoT
prompting,qwen35-27b,s5,Public-only CoT,8,8,8,0.0,,CoT
prompting,qwen35-27b,s5,Public-only CoT,9,9,9,1.190476,,CoT
prompting,qwen35-27b,s5,Public-only CoT,10,10,10,1.449275,,CoT
prompting,qwen35-27b,s5,Piggybacking,1,1,1,37.373737,,Piggy
prompting,qwen35-27b,s5,Piggybacking,2,2,2,15.306122,,Piggy
prompting,qwen35-27b,s5,Piggybacking,3,3,3,2.020202,,Piggy
prompting,qwen35-27b,s5,Piggybacking,4,4,4,2.12766,,Piggy
prompting,qwen35-27b,s5,Piggybacking,5,5,5,2.325581,,Piggy
prompting,qwen35-27b,s5,Piggybacking,6,6,6,5.494505,,Piggy
prompting,qwen35-27b,s5,Piggybacking,7,7,7,0.0,,Piggy
prompting,qwen35-27b,s5,Piggybacking,8,8,8,2.564103,,Piggy
prompting,qwen35-27b,s5,Piggybacking,9,9,9,0.0,,Piggy
prompting,qwen35-27b,s5,Piggybacking,10,10,10,2.597403,,Piggy
prompting,qwen35-397b-a17b,multiplication,Full CoT (open),1,1,1,100.0,,unrestricted CoT
prompting,qwen35-397b-a17b,multiplication,Full CoT (open),2,2,2,100.0,,unrestricted CoT
prompting,qwen35-397b-a17b,multiplication,Full CoT (open),3,3,3,100.0,,unrestricted CoT
prompting,qwen35-397b-a17b,multiplication,Full CoT (open),4,4,4,96.969697,,unrestricted CoT
prompting,qwen35-397b-a17b,multiplication,Full CoT (open),5,5,5,87.912088,,unrestricted CoT
prompting,qwen35-397b-a17b,multiplication,Full CoT (open),6,6,6,96.73913,,unrestricted CoT
prompting,qwen35-397b-a17b,multiplication,Full CoT (open),7,7,7,95.555556,,unrestricted CoT
prompting,qwen35-397b-a17b,multiplication,Full CoT (open),8,8,8,97.5,,unrestricted CoT
prompting,qwen35-397b-a17b,multiplication,Full CoT (open),9,9,9,87.323944,,unrestricted CoT
prompting,qwen35-397b-a17b,multiplication,Full CoT (open),10,10,10,85.416667,,unrestricted CoT
prompting,qwen35-397b-a17b,multiplication,Vanilla,1,1,1,100.0,,vanilla
prompting,qwen35-397b-a17b,multiplication,Vanilla,2,2,2,100.0,,vanilla
prompting,qwen35-397b-a17b,multiplication,Vanilla,3,3,3,100.0,,vanilla
prompting,qwen35-397b-a17b,multiplication,Vanilla,4,4,4,97.0,,vanilla
prompting,qwen35-397b-a17b,multiplication,Vanilla,5,5,5,96.0,,vanilla
prompting,qwen35-397b-a17b,multiplication,Vanilla,6,6,6,71.0,,vanilla
prompting,qwen35-397b-a17b,multiplication,Vanilla,7,7,7,20.0,,vanilla
prompting,qwen35-397b-a17b,multiplication,Vanilla,8,8,8,2.0,,vanilla
prompting,qwen35-397b-a17b,multiplication,Vanilla,9,9,9,0.0,,vanilla
prompting,qwen35-397b-a17b,multiplication,Vanilla,10,10,10,0.0,,vanilla
prompting,qwen35-397b-a17b,multiplication,Filler,1,1,1,100.0,,vanilla + filler
prompting,qwen35-397b-a17b,multiplication,Filler,2,2,2,100.0,,vanilla + filler
prompting,qwen35-397b-a17b,multiplication,Filler,3,3,3,100.0,,vanilla + filler
prompting,qwen35-397b-a17b,multiplication,Filler,4,4,4,98.0,,vanilla + filler
prompting,qwen35-397b-a17b,multiplication,Filler,5,5,5,97.0,,vanilla + filler
prompting,qwen35-397b-a17b,multiplication,Filler,6,6,6,72.0,,vanilla + filler
prompting,qwen35-397b-a17b,multiplication,Filler,7,7,7,20.0,,vanilla + filler
prompting,qwen35-397b-a17b,multiplication,Filler,8,8,8,3.0,,vanilla + filler
prompting,qwen35-397b-a17b,multiplication,Filler,9,9,9,0.0,,vanilla + filler
prompting,qwen35-397b-a17b,multiplication,Filler,10,10,10,0.0,,vanilla + filler
prompting,qwen35-397b-a17b,multiplication,Public-only CoT,1,1,1,100.0,,CoT
prompting,qwen35-397b-a17b,multiplication,Public-only CoT,2,2,2,100.0,,CoT
prompting,qwen35-397b-a17b,multiplication,Public-only CoT,3,3,3,100.0,,CoT
prompting,qwen35-397b-a17b,multiplication,Public-only CoT,4,4,4,96.0,,CoT
prompting,qwen35-397b-a17b,multiplication,Public-only CoT,5,5,5,82.0,,CoT
prompting,qwen35-397b-a17b,multiplication,Public-only CoT,6,6,6,59.0,,CoT
prompting,qwen35-397b-a17b,multiplication,Public-only CoT,7,7,7,6.0,,CoT
prompting,qwen35-397b-a17b,multiplication,Public-only CoT,8,8,8,1.0,,CoT
prompting,qwen35-397b-a17b,multiplication,Public-only CoT,9,9,9,0.0,,CoT
prompting,qwen35-397b-a17b,multiplication,Public-only CoT,10,10,10,0.0,,CoT
prompting,qwen35-397b-a17b,multiplication,Piggybacking,1,1,1,100.0,,Piggy
prompting,qwen35-397b-a17b,multiplication,Piggybacking,2,2,2,100.0,,Piggy
prompting,qwen35-397b-a17b,multiplication,Piggybacking,3,3,3,94.845361,,Piggy
prompting,qwen35-397b-a17b,multiplication,Piggybacking,4,4,4,87.5,,Piggy
prompting,qwen35-397b-a17b,multiplication,Piggybacking,5,5,5,79.79798,,Piggy
prompting,qwen35-397b-a17b,multiplication,Piggybacking,6,6,6,77.777778,,Piggy
prompting,qwen35-397b-a17b,multiplication,Piggybacking,7,7,7,70.103093,,Piggy
prompting,qwen35-397b-a17b,multiplication,Piggybacking,8,8,8,55.0,,Piggy
prompting,qwen35-397b-a17b,multiplication,Piggybacking,9,9,9,40.206186,,Piggy
prompting,qwen35-397b-a17b,multiplication,Piggybacking,10,10,10,38.947368,,Piggy
prompting,qwen35-397b-a17b,parity,Full CoT (open),1,1,1,100.0,,unrestricted CoT
prompting,qwen35-397b-a17b,parity,Full CoT (open),2,2,2,74.0,,unrestricted CoT
prompting,qwen35-397b-a17b,parity,Full CoT (open),3,3,3,96.0,,unrestricted CoT
prompting,qwen35-397b-a17b,parity,Full CoT (open),4,4,4,100.0,,unrestricted CoT
prompting,qwen35-397b-a17b,parity,Full CoT (open),5,5,5,100.0,,unrestricted CoT
prompting,qwen35-397b-a17b,parity,Full CoT (open),6,6,6,100.0,,unrestricted CoT
prompting,qwen35-397b-a17b,parity,Full CoT (open),7,7,7,100.0,,unrestricted CoT
prompting,qwen35-397b-a17b,parity,Full CoT (open),8,8,8,100.0,,unrestricted CoT
prompting,qwen35-397b-a17b,parity,Full CoT (open),9,9,9,99.0,,unrestricted CoT
prompting,qwen35-397b-a17b,parity,Full CoT (open),10,10,10,100.0,,unrestricted CoT
prompting,qwen35-397b-a17b,parity,Vanilla,1,1,1,100.0,,vanilla
prompting,qwen35-397b-a17b,parity,Vanilla,2,2,2,100.0,,vanilla
prompting,qwen35-397b-a17b,parity,Vanilla,3,3,3,97.0,,vanilla
prompting,qwen35-397b-a17b,parity,Vanilla,4,4,4,100.0,,vanilla
prompting,qwen35-397b-a17b,parity,Vanilla,5,5,5,87.0,,vanilla
prompting,qwen35-397b-a17b,parity,Vanilla,6,6,6,80.0,,vanilla
prompting,qwen35-397b-a17b,parity,Vanilla,7,7,7,70.0,,vanilla
prompting,qwen35-397b-a17b,parity,Vanilla,8,8,8,51.0,,vanilla
prompting,qwen35-397b-a17b,parity,Vanilla,9,9,9,47.0,,vanilla
prompting,qwen35-397b-a17b,parity,Vanilla,10,10,10,55.0,,vanilla
prompting,qwen35-397b-a17b,parity,Filler,1,1,1,100.0,,vanilla + filler
prompting,qwen35-397b-a17b,parity,Filler,2,2,2,100.0,,vanilla + filler
prompting,qwen35-397b-a17b,parity,Filler,3,3,3,99.0,,vanilla + filler
prompting,qwen35-397b-a17b,parity,Filler,4,4,4,100.0,,vanilla + filler
prompting,qwen35-397b-a17b,parity,Filler,5,5,5,88.0,,vanilla + filler
prompting,qwen35-397b-a17b,parity,Filler,6,6,6,77.0,,vanilla + filler
prompting,qwen35-397b-a17b,parity,Filler,7,7,7,68.0,,vanilla + filler
prompting,qwen35-397b-a17b,parity,Filler,8,8,8,51.0,,vanilla + filler
prompting,qwen35-397b-a17b,parity,Filler,9,9,9,52.0,,vanilla + filler
prompting,qwen35-397b-a17b,parity,Filler,10,10,10,51.0,,vanilla + filler
prompting,qwen35-397b-a17b,parity,Public-only CoT,1,1,1,100.0,,CoT
prompting,qwen35-397b-a17b,parity,Public-only CoT,2,2,2,100.0,,CoT
prompting,qwen35-397b-a17b,parity,Public-only CoT,3,3,3,97.0,,CoT
prompting,qwen35-397b-a17b,parity,Public-only CoT,4,4,4,100.0,,CoT
prompting,qwen35-397b-a17b,parity,Public-only CoT,5,5,5,89.0,,CoT
prompting,qwen35-397b-a17b,parity,Public-only CoT,6,6,6,80.0,,CoT
prompting,qwen35-397b-a17b,parity,Public-only CoT,7,7,7,82.0,,CoT
prompting,qwen35-397b-a17b,parity,Public-only CoT,8,8,8,57.0,,CoT
prompting,qwen35-397b-a17b,parity,Public-only CoT,9,9,9,50.0,,CoT
prompting,qwen35-397b-a17b,parity,Public-only CoT,10,10,10,46.0,,CoT
prompting,qwen35-397b-a17b,parity,Piggybacking,1,1,1,100.0,,Piggy
prompting,qwen35-397b-a17b,parity,Piggybacking,2,2,2,100.0,,Piggy
prompting,qwen35-397b-a17b,parity,Piggybacking,3,3,3,100.0,,Piggy
prompting,qwen35-397b-a17b,parity,Piggybacking,4,4,4,100.0,,Piggy
prompting,qwen35-397b-a17b,parity,Piggybacking,5,5,5,100.0,,Piggy
prompting,qwen35-397b-a17b,parity,Piggybacking,6,6,6,100.0,,Piggy
prompting,qwen35-397b-a17b,parity,Piggybacking,7,7,7,100.0,,Piggy
prompting,qwen35-397b-a17b,parity,Piggybacking,8,8,8,100.0,,Piggy
prompting,qwen35-397b-a17b,parity,Piggybacking,9,9,9,100.0,,Piggy
prompting,qwen35-397b-a17b,parity,Piggybacking,10,10,10,100.0,,Piggy
prompting,qwen35-397b-a17b,s5,Full CoT (open),1,1,1,95.0,,unrestricted CoT
prompting,qwen35-397b-a17b,s5,Full CoT (open),2,2,2,95.0,,unrestricted CoT
prompting,qwen35-397b-a17b,s5,Full CoT (open),3,3,3,95.0,,unrestricted CoT
prompting,qwen35-397b-a17b,s5,Full CoT (open),4,4,4,94.0,,unrestricted CoT
prompting,qwen35-397b-a17b,s5,Full CoT (open),5,5,5,94.0,,unrestricted CoT
prompting,qwen35-397b-a17b,s5,Full CoT (open),6,6,6,98.0,,unrestricted CoT
prompting,qwen35-397b-a17b,s5,Full CoT (open),7,7,7,86.0,,unrestricted CoT
prompting,qwen35-397b-a17b,s5,Full CoT (open),8,8,8,87.878788,,unrestricted CoT
prompting,qwen35-397b-a17b,s5,Full CoT (open),9,9,9,87.0,,unrestricted CoT
prompting,qwen35-397b-a17b,s5,Full CoT (open),10,10,10,84.0,,unrestricted CoT
prompting,qwen35-397b-a17b,s5,Vanilla,1,1,1,55.913978,,vanilla
prompting,qwen35-397b-a17b,s5,Vanilla,2,2,2,19.0,,vanilla
prompting,qwen35-397b-a17b,s5,Vanilla,3,3,3,9.0,,vanilla
prompting,qwen35-397b-a17b,s5,Vanilla,4,4,4,5.0,,vanilla
prompting,qwen35-397b-a17b,s5,Vanilla,5,5,5,1.0,,vanilla
prompting,qwen35-397b-a17b,s5,Vanilla,6,6,6,0.0,,vanilla
prompting,qwen35-397b-a17b,s5,Vanilla,7,7,7,1.0,,vanilla
prompting,qwen35-397b-a17b,s5,Vanilla,8,8,8,2.0,,vanilla
prompting,qwen35-397b-a17b,s5,Vanilla,9,9,9,1.0,,vanilla
prompting,qwen35-397b-a17b,s5,Vanilla,10,10,10,0.0,,vanilla
prompting,qwen35-397b-a17b,s5,Filler,1,1,1,57.894737,,vanilla + filler
prompting,qwen35-397b-a17b,s5,Filler,2,2,2,16.0,,vanilla + filler
prompting,qwen35-397b-a17b,s5,Filler,3,3,3,10.0,,vanilla + filler
prompting,qwen35-397b-a17b,s5,Filler,4,4,4,3.0,,vanilla + filler
prompting,qwen35-397b-a17b,s5,Filler,5,5,5,2.0,,vanilla + filler
prompting,qwen35-397b-a17b,s5,Filler,6,6,6,0.0,,vanilla + filler
prompting,qwen35-397b-a17b,s5,Filler,7,7,7,1.0,,vanilla + filler
prompting,qwen35-397b-a17b,s5,Filler,8,8,8,3.0,,vanilla + filler
prompting,qwen35-397b-a17b,s5,Filler,9,9,9,0.0,,vanilla + filler
prompting,qwen35-397b-a17b,s5,Filler,10,10,10,0.0,,vanilla + filler
prompting,qwen35-397b-a17b,s5,Public-only CoT,1,1,1,52.083333,,CoT
prompting,qwen35-397b-a17b,s5,Public-only CoT,2,2,2,14.0,,CoT
prompting,qwen35-397b-a17b,s5,Public-only CoT,3,3,3,9.574468,,CoT
prompting,qwen35-397b-a17b,s5,Public-only CoT,4,4,4,3.125,,CoT
prompting,qwen35-397b-a17b,s5,Public-only CoT,5,5,5,0.0,,CoT
prompting,qwen35-397b-a17b,s5,Public-only CoT,6,6,6,0.0,,CoT
prompting,qwen35-397b-a17b,s5,Public-only CoT,7,7,7,3.296703,,CoT
prompting,qwen35-397b-a17b,s5,Public-only CoT,8,8,8,0.0,,CoT
prompting,qwen35-397b-a17b,s5,Public-only CoT,9,9,9,0.0,,CoT
prompting,qwen35-397b-a17b,s5,Public-only CoT,10,10,10,1.351351,,CoT
prompting,qwen35-397b-a17b,s5,Piggybacking,1,1,1,43.298969,,Piggy
prompting,qwen35-397b-a17b,s5,Piggybacking,2,2,2,23.0,,Piggy
prompting,qwen35-397b-a17b,s5,Piggybacking,3,3,3,11.22449,,Piggy
prompting,qwen35-397b-a17b,s5,Piggybacking,4,4,4,7.368421,,Piggy
prompting,qwen35-397b-a17b,s5,Piggybacking,5,5,5,7.446809,,Piggy
prompting,qwen35-397b-a17b,s5,Piggybacking,6,6,6,4.444444,,Piggy
prompting,qwen35-397b-a17b,s5,Piggybacking,7,7,7,4.651163,,Piggy
prompting,qwen35-397b-a17b,s5,Piggybacking,8,8,8,5.952381,,Piggy
prompting,qwen35-397b-a17b,s5,Piggybacking,9,9,9,2.702703,,Piggy
prompting,qwen35-397b-a17b,s5,Piggybacking,10,10,10,1.204819,,Piggy
prompting,kimi-k3,multiplication,Full CoT (open),1,1,1,100.0,,unrestricted CoT
prompting,kimi-k3,multiplication,Full CoT (open),2,2,2,100.0,,unrestricted CoT
prompting,kimi-k3,multiplication,Full CoT (open),3,3,3,100.0,,unrestricted CoT
prompting,kimi-k3,multiplication,Full CoT (open),4,4,4,100.0,,unrestricted CoT
prompting,kimi-k3,multiplication,Full CoT (open),5,5,5,100.0,,unrestricted CoT
prompting,kimi-k3,multiplication,Full CoT (open),6,6,6,100.0,,unrestricted CoT
prompting,kimi-k3,multiplication,Full CoT (open),7,7,7,100.0,,unrestricted CoT
prompting,kimi-k3,multiplication,Full CoT (open),8,8,8,100.0,,unrestricted CoT
prompting,kimi-k3,multiplication,Full CoT (open),9,9,9,93.0,,unrestricted CoT
prompting,kimi-k3,multiplication,Full CoT (open),10,10,10,81.632653,,unrestricted CoT
prompting,kimi-k3,multiplication,Vanilla,1,1,1,100.0,,vanilla
prompting,kimi-k3,multiplication,Vanilla,2,2,2,100.0,,vanilla
prompting,kimi-k3,multiplication,Vanilla,3,3,3,100.0,,vanilla
prompting,kimi-k3,multiplication,Vanilla,4,4,4,100.0,,vanilla
prompting,kimi-k3,multiplication,Vanilla,5,5,5,73.0,,vanilla
prompting,kimi-k3,multiplication,Vanilla,6,6,6,1.0,,vanilla
prompting,kimi-k3,multiplication,Vanilla,7,7,7,0.0,,vanilla
prompting,kimi-k3,multiplication,Vanilla,8,8,8,0.0,,vanilla
prompting,kimi-k3,multiplication,Vanilla,9,9,9,0.0,,vanilla
prompting,kimi-k3,multiplication,Vanilla,10,10,10,0.0,,vanilla
prompting,kimi-k3,multiplication,Filler,1,1,1,100.0,,vanilla + filler
prompting,kimi-k3,multiplication,Filler,2,2,2,100.0,,vanilla + filler
prompting,kimi-k3,multiplication,Filler,3,3,3,100.0,,vanilla + filler
prompting,kimi-k3,multiplication,Filler,4,4,4,100.0,,vanilla + filler
prompting,kimi-k3,multiplication,Filler,5,5,5,63.0,,vanilla + filler
prompting,kimi-k3,multiplication,Filler,6,6,6,0.0,,vanilla + filler
prompting,kimi-k3,multiplication,Filler,7,7,7,0.0,,vanilla + filler
prompting,kimi-k3,multiplication,Filler,8,8,8,0.0,,vanilla + filler
prompting,kimi-k3,multiplication,Filler,9,9,9,0.0,,vanilla + filler
prompting,kimi-k3,multiplication,Filler,10,10,10,0.0,,vanilla + filler
prompting,kimi-k3,multiplication,Public-only CoT,1,1,1,100.0,,CoT
prompting,kimi-k3,multiplication,Public-only CoT,2,2,2,100.0,,CoT
prompting,kimi-k3,multiplication,Public-only CoT,3,3,3,100.0,,CoT
prompting,kimi-k3,multiplication,Public-only CoT,4,4,4,63.0,,CoT
prompting,kimi-k3,multiplication,Public-only CoT,5,5,5,13.0,,CoT
prompting,kimi-k3,multiplication,Public-only CoT,6,6,6,0.0,,CoT
prompting,kimi-k3,multiplication,Public-only CoT,7,7,7,0.0,,CoT
prompting,kimi-k3,multiplication,Public-only CoT,8,8,8,0.0,,CoT
prompting,kimi-k3,multiplication,Public-only CoT,9,9,9,0.0,,CoT
prompting,kimi-k3,multiplication,Public-only CoT,10,10,10,0.0,,CoT
prompting,kimi-k3,multiplication,Piggybacking,1,1,1,100.0,,Piggy
prompting,kimi-k3,multiplication,Piggybacking,2,2,2,100.0,,Piggy
prompting,kimi-k3,multiplication,Piggybacking,3,3,3,100.0,,Piggy
prompting,kimi-k3,multiplication,Piggybacking,4,4,4,95.0,,Piggy
prompting,kimi-k3,multiplication,Piggybacking,5,5,5,87.755102,,Piggy
prompting,kimi-k3,multiplication,Piggybacking,6,6,6,65.0,,Piggy
prompting,kimi-k3,multiplication,Piggybacking,7,7,7,13.0,,Piggy
prompting,kimi-k3,multiplication,Piggybacking,8,8,8,0.0,,Piggy
prompting,kimi-k3,multiplication,Piggybacking,9,9,9,0.0,,Piggy
prompting,kimi-k3,multiplication,Piggybacking,10,10,10,1.0,,Piggy
prompting,kimi-k3,multiplication,Special Tokens,1,1,1,100.0,,steg
prompting,kimi-k3,multiplication,Special Tokens,2,2,2,95.0,,steg
prompting,kimi-k3,multiplication,Special Tokens,3,3,3,72.0,,steg
prompting,kimi-k3,multiplication,Special Tokens,4,4,4,40.40404,,steg
prompting,kimi-k3,multiplication,Special Tokens,5,5,5,7.070707,,steg
prompting,kimi-k3,multiplication,Special Tokens,6,6,6,0.0,,steg
prompting,kimi-k3,multiplication,Special Tokens,7,7,7,0.0,,steg
prompting,kimi-k3,multiplication,Special Tokens,8,8,8,0.0,,steg
prompting,kimi-k3,multiplication,Special Tokens,9,9,9,0.0,,steg
prompting,kimi-k3,multiplication,Special Tokens,10,10,10,0.0,,steg
prompting,kimi-k3,parity,Full CoT (open),1,1,1,100.0,,unrestricted CoT
prompting,kimi-k3,parity,Full CoT (open),2,2,2,74.0,,unrestricted CoT
prompting,kimi-k3,parity,Full CoT (open),3,3,3,97.0,,unrestricted CoT
prompting,kimi-k3,parity,Full CoT (open),4,4,4,100.0,,unrestricted CoT
prompting,kimi-k3,parity,Full CoT (open),5,5,5,100.0,,unrestricted CoT
prompting,kimi-k3,parity,Full CoT (open),6,6,6,100.0,,unrestricted CoT
prompting,kimi-k3,parity,Full CoT (open),7,7,7,100.0,,unrestricted CoT
prompting,kimi-k3,parity,Full CoT (open),8,8,8,100.0,,unrestricted CoT
prompting,kimi-k3,parity,Full CoT (open),9,9,9,100.0,,unrestricted CoT
prompting,kimi-k3,parity,Full CoT (open),10,10,10,100.0,,unrestricted CoT
prompting,kimi-k3,parity,Public-only CoT,1,1,1,100.0,,CoT
prompting,kimi-k3,parity,Public-only CoT,2,2,2,100.0,,CoT
prompting,kimi-k3,parity,Public-only CoT,3,3,3,97.0,,CoT
prompting,kimi-k3,parity,Public-only CoT,4,4,4,100.0,,CoT
prompting,kimi-k3,parity,Public-only CoT,5,5,5,100.0,,CoT
prompting,kimi-k3,parity,Public-only CoT,6,6,6,93.0,,CoT
prompting,kimi-k3,parity,Public-only CoT,7,7,7,82.0,,CoT
prompting,kimi-k3,parity,Public-only CoT,8,8,8,64.0,,CoT
prompting,kimi-k3,parity,Public-only CoT,9,9,9,63.0,,CoT
prompting,kimi-k3,parity,Public-only CoT,10,10,10,49.0,,CoT
prompting,kimi-k3,parity,Piggybacking,1,1,1,100.0,,Piggy
prompting,kimi-k3,parity,Piggybacking,2,2,2,100.0,,Piggy
prompting,kimi-k3,parity,Piggybacking,3,3,3,100.0,,Piggy
prompting,kimi-k3,parity,Piggybacking,4,4,4,100.0,,Piggy
prompting,kimi-k3,parity,Piggybacking,5,5,5,100.0,,Piggy
prompting,kimi-k3,parity,Piggybacking,6,6,6,100.0,,Piggy
prompting,kimi-k3,parity,Piggybacking,7,7,7,100.0,,Piggy
prompting,kimi-k3,parity,Piggybacking,8,8,8,100.0,,Piggy
prompting,kimi-k3,parity,Piggybacking,9,9,9,100.0,,Piggy
prompting,kimi-k3,parity,Piggybacking,10,10,10,100.0,,Piggy
prompting,kimi-k3,parity,Special Tokens,1,1,1,100.0,,steg
prompting,kimi-k3,parity,Special Tokens,2,2,2,100.0,,steg
prompting,kimi-k3,parity,Special Tokens,3,3,3,99.0,,steg
prompting,kimi-k3,parity,Special Tokens,4,4,4,99.0,,steg
prompting,kimi-k3,parity,Special Tokens,5,5,5,78.0,,steg
prompting,kimi-k3,parity,Special Tokens,6,6,6,87.0,,steg
prompting,kimi-k3,parity,Special Tokens,7,7,7,74.0,,steg
prompting,kimi-k3,parity,Special Tokens,8,8,8,58.163265,,steg
prompting,kimi-k3,parity,Special Tokens,9,9,9,48.0,,steg
prompting,kimi-k3,parity,Special Tokens,10,10,10,51.515152,,steg
prompting,kimi-k3,s5,Full CoT (open),1,1,1,99.0,,unrestricted CoT
prompting,kimi-k3,s5,Full CoT (open),2,2,2,100.0,,unrestricted CoT
prompting,kimi-k3,s5,Full CoT (open),3,3,3,99.0,,unrestricted CoT
prompting,kimi-k3,s5,Full CoT (open),4,4,4,97.0,,unrestricted CoT
prompting,kimi-k3,s5,Full CoT (open),5,5,5,95.0,,unrestricted CoT
prompting,kimi-k3,s5,Full CoT (open),6,6,6,91.919192,,unrestricted CoT
prompting,kimi-k3,s5,Full CoT (open),7,7,7,94.0,,unrestricted CoT
prompting,kimi-k3,s5,Full CoT (open),8,8,8,92.0,,unrestricted CoT
prompting,kimi-k3,s5,Full CoT (open),9,9,9,90.909091,,unrestricted CoT
prompting,kimi-k3,s5,Full CoT (open),10,10,10,86.0,,unrestricted CoT
prompting,kimi-k3,s5,Public-only CoT,1,1,1,55.555556,,CoT
prompting,kimi-k3,s5,Public-only CoT,2,2,2,25.0,,CoT
prompting,kimi-k3,s5,Public-only CoT,3,3,3,10.0,,CoT
prompting,kimi-k3,s5,Public-only CoT,4,4,4,5.0,,CoT
prompting,kimi-k3,s5,Public-only CoT,5,5,5,0.0,,CoT
prompting,kimi-k3,s5,Public-only CoT,6,6,6,7.142857,,CoT
prompting,kimi-k3,s5,Public-only CoT,7,7,7,0.0,,CoT
prompting,kimi-k3,s5,Public-only CoT,8,8,8,6.666667,,CoT
prompting,kimi-k3,s5,Public-only CoT,9,9,9,0.0,,CoT
prompting,kimi-k3,s5,Public-only CoT,10,10,10,0.0,,CoT
prompting,kimi-k3,s5,Piggybacking,1,1,1,77.777778,,Piggy
prompting,kimi-k3,s5,Piggybacking,2,2,2,41.176471,,Piggy
prompting,kimi-k3,s5,Piggybacking,3,3,3,15.789474,,Piggy
prompting,kimi-k3,s5,Piggybacking,4,4,4,15.789474,,Piggy
prompting,kimi-k3,s5,Piggybacking,5,5,5,5.882353,,Piggy
prompting,kimi-k3,s5,Piggybacking,6,6,6,6.25,,Piggy
prompting,kimi-k3,s5,Piggybacking,7,7,7,11.111111,,Piggy
prompting,kimi-k3,s5,Piggybacking,8,8,8,0.0,,Piggy
prompting,kimi-k3,s5,Piggybacking,9,9,9,0.0,,Piggy
prompting,kimi-k3,s5,Piggybacking,10,10,10,0.0,,Piggy
prompting,kimi-k3,s5,Special Tokens,1,1,1,96.969697,,steg
prompting,kimi-k3,s5,Special Tokens,2,2,2,96.875,,steg
prompting,kimi-k3,s5,Special Tokens,3,3,3,91.836735,,steg
prompting,kimi-k3,s5,Special Tokens,4,4,4,83.695652,,steg
prompting,kimi-k3,s5,Special Tokens,5,5,5,90.0,,steg
prompting,kimi-k3,s5,Special Tokens,6,6,6,80.0,,steg
prompting,kimi-k3,s5,Special Tokens,7,7,7,67.073171,,steg
prompting,kimi-k3,s5,Special Tokens,8,8,8,69.230769,,steg
prompting,kimi-k3,s5,Special Tokens,9,9,9,65.432099,,steg
prompting,kimi-k3,s5,Special Tokens,10,10,10,57.534247,,steg
finetuning,qwen,multiplication,Full CoT (open),2,2,2,99.83333333333333,0.28867513459481314,full_cot_baseline_by_length
finetuning,qwen,multiplication,Full CoT (open),3,3,3,92.5,1.7320508075688725,full_cot_baseline_by_length
finetuning,qwen,multiplication,Full CoT (open),4,4,4,73.83333333333333,2.516611478423586,full_cot_baseline_by_length
finetuning,qwen,multiplication,Vanilla,2,2,2,94.99999999999999,0.5000000000000004,finetuned
finetuning,qwen,multiplication,Vanilla,3,3,3,28.000000000000004,2.291287847477919,finetuned
finetuning,qwen,multiplication,Vanilla,4,4,4,2.0,0.8660254037844386,finetuned
finetuning,qwen,multiplication,Filler,2,2,2,94.66666666666667,0.28867513459481314,filler_only_scaling_v1
finetuning,qwen,multiplication,Filler,3,3,3,24.833333333333332,0.763762615825974,filler_only_scaling_v1
finetuning,qwen,multiplication,Filler,4,4,4,1.3333333333333333,0.28867513459481287,filler_only_scaling_v1
finetuning,qwen,multiplication,Public-only CoT,2,2,2,96.16666666666666,1.527525231651948,finetuned
finetuning,qwen,multiplication,Public-only CoT,3,3,3,25.166666666666664,0.5773502691896263,finetuned
finetuning,qwen,multiplication,Public-only CoT,4,4,4,2.166666666666667,0.7637626158259734,finetuned
finetuning,qwen,multiplication,Piggybacking,2,2,2,95.16666666666667,0.763762615825974,finetuned
finetuning,qwen,multiplication,Piggybacking,3,3,3,57.83333333333333,2.753785273643048,finetuned
finetuning,qwen,multiplication,Piggybacking,4,4,4,43.83333333333333,5.008326400438905,finetuned
finetuning,qwen,multiplication,Special Tokens,2,2,2,98.83333333333333,0.763762615825974,finetuned
finetuning,qwen,multiplication,Special Tokens,3,3,3,87.0,2.7838821814150134,finetuned
finetuning,qwen,multiplication,Special Tokens,4,4,4,48.333333333333336,6.048415770541354,finetuned
finetuning,qwen,knowledge,Full CoT (open),1,1,1,100.0,0.0,full_cot_baseline_by_length
finetuning,qwen,knowledge,Full CoT (open),2,2,2,100.0,0.0,full_cot_baseline_by_length
finetuning,qwen,knowledge,Full CoT (open),3,3,3,100.0,0.0,full_cot_baseline_by_length
finetuning,qwen,knowledge,Full CoT (open),4,4,4,99.83333333333333,0.28867513459481314,full_cot_baseline_by_length
finetuning,qwen,knowledge,Full CoT (open),5,5,5,100.0,0.0,full_cot_baseline_by_length
finetuning,qwen,knowledge,Vanilla,1,1,1,100.0,0.0,finetuned
finetuning,qwen,knowledge,Vanilla,2,2,2,21.666666666666668,2.753785273643051,finetuned
finetuning,qwen,knowledge,Vanilla,3,3,3,15.666666666666668,1.443375672974064,finetuned
finetuning,qwen,knowledge,Vanilla,4,4,4,13.0,2.29128784747792,finetuned
finetuning,qwen,knowledge,Vanilla,5,5,5,10.166666666666666,2.843120351538663,finetuned
finetuning,qwen,knowledge,Filler,1,1,1,100.0,0.0,filler_only_scaling_v1
finetuning,qwen,knowledge,Filler,2,2,2,25.5,3.122498999199198,filler_only_scaling_v1
finetuning,qwen,knowledge,Filler,3,3,3,19.666666666666668,0.5773502691896263,filler_only_scaling_v1
finetuning,qwen,knowledge,Filler,4,4,4,12.333333333333334,1.6072751268321597,filler_only_scaling_v1
finetuning,qwen,knowledge,Filler,5,5,5,12.5,3.9686269665968865,filler_only_scaling_v1
finetuning,qwen,knowledge,Public-only CoT,1,1,1,100.0,0.0,finetuned
finetuning,qwen,knowledge,Public-only CoT,2,2,2,17.0,2.0000000000000004,finetuned
finetuning,qwen,knowledge,Public-only CoT,3,3,3,13.0,2.598076211353316,finetuned
finetuning,qwen,knowledge,Public-only CoT,4,4,4,15.166666666666668,1.8929694486000914,finetuned
finetuning,qwen,knowledge,Public-only CoT,5,5,5,8.0,2.0000000000000004,finetuned
finetuning,qwen,knowledge,Piggybacking,1,1,1,100.0,0.0,finetuned
finetuning,qwen,knowledge,Piggybacking,2,2,2,89.0,17.320508075688775,finetuned
finetuning,qwen,knowledge,Piggybacking,3,3,3,88.49999999999999,15.596473960482223,finetuned
finetuning,qwen,knowledge,Piggybacking,4,4,4,83.66666666666666,23.53897477235008,finetuned
finetuning,qwen,knowledge,Piggybacking,5,5,5,80.66666666666666,25.711540858792052,finetuned
finetuning,qwen,knowledge,Special Tokens,1,1,1,100.0,0.0,finetuned
finetuning,qwen,knowledge,Special Tokens,2,2,2,100.0,0.0,finetuned
finetuning,qwen,knowledge,Special Tokens,3,3,3,100.0,0.0,finetuned
finetuning,qwen,knowledge,Special Tokens,4,4,4,99.83333333333334,0.28867513459481314,finetuned
finetuning,qwen,knowledge,Special Tokens,5,5,5,99.5,0.8660254037844395,finetuned
finetuning,qwen,parity,Full CoT (open),10.954451150103322,8,15,100.0,0.0,full_cot_baseline_by_length
finetuning,qwen,parity,Full CoT (open),22.271057451320086,16,31,100.0,0.0,full_cot_baseline_by_length
finetuning,qwen,parity,Full CoT (open),44.8998886412873,32,63,100.0,0.0,full_cot_baseline_by_length
finetuning,qwen,parity,Full CoT (open),90.15542135667715,64,127,99.5,0.5000000000000004,full_cot_baseline_by_length
finetuning,qwen,parity,Full CoT (open),180.66543665017943,128,255,98.5,1.3228756555322967,full_cot_baseline_by_length
finetuning,qwen,parity,Vanilla,10.954451150103322,8,15,51.66666666666667,2.0816659994661344,finetuned
finetuning,qwen,parity,Vanilla,22.271057451320086,16,31,49.333333333333336,0.763762615825974,finetuned
finetuning,qwen,parity,Vanilla,44.8998886412873,32,63,49.5,0.5000000000000004,finetuned
finetuning,qwen,parity,Vanilla,90.15542135667715,64,127,50.16666666666667,0.763762615825974,finetuned
finetuning,qwen,parity,Vanilla,180.66543665017943,128,255,48.66666666666667,2.3094010767585016,finetuned
finetuning,qwen,parity,Filler,10.954451150103322,8,15,48.33,1.44,filler_only_scaling_v1
finetuning,qwen,parity,Filler,22.271057451320086,16,31,46.5,4.44,filler_only_scaling_v1
finetuning,qwen,parity,Filler,44.8998886412873,32,63,50.5,0.87,filler_only_scaling_v1
finetuning,qwen,parity,Filler,90.15542135667715,64,127,51.33,2.31,filler_only_scaling_v1
finetuning,qwen,parity,Filler,180.66543665017943,128,255,50.5,0.87,filler_only_scaling_v1
finetuning,qwen,parity,Public-only CoT,10.954451150103322,8,15,50.0,0.5000000000000004,finetuned
finetuning,qwen,parity,Public-only CoT,22.271057451320086,16,31,48.16666666666667,3.1754264805429413,finetuned
finetuning,qwen,parity,Public-only CoT,44.8998886412873,32,63,49.666666666666664,0.5773502691896263,finetuned
finetuning,qwen,parity,Public-only CoT,90.15542135667715,64,127,48.66666666666667,1.8929694486000896,finetuned
finetuning,qwen,parity,Public-only CoT,180.66543665017943,128,255,50.66666666666667,0.763762615825974,finetuned
finetuning,qwen,parity,Piggybacking,10.954451150103322,8,15,100.0,0.0,finetuned
finetuning,qwen,parity,Piggybacking,22.271057451320086,16,31,100.0,0.0,finetuned
finetuning,qwen,parity,Piggybacking,44.8998886412873,32,63,100.0,0.0,finetuned
finetuning,qwen,parity,Piggybacking,90.15542135667715,64,127,100.0,0.0,finetuned
finetuning,qwen,parity,Piggybacking,180.66543665017943,128,255,99.0,1.3228756555322965,finetuned
finetuning,qwen,parity,Special Tokens,10.954451150103322,8,15,100.0,0.0,finetuned
finetuning,qwen,parity,Special Tokens,22.271057451320086,16,31,100.0,0.0,finetuned
finetuning,qwen,parity,Special Tokens,44.8998886412873,32,63,100.0,0.0,finetuned
finetuning,qwen,parity,Special Tokens,90.15542135667715,64,127,99.33333333333333,0.5773502691896263,finetuned
finetuning,qwen,parity,Special Tokens,180.66543665017943,128,255,94.83333333333334,4.1932485418030385,finetuned
finetuning,qwen,s5,Full CoT (open),1,1,1,100.0,0.0,full_cot_baseline_by_length
finetuning,qwen,s5,Full CoT (open),2,2,2,100.0,0.0,full_cot_baseline_by_length
finetuning,qwen,s5,Full CoT (open),3,3,3,100.0,0.0,full_cot_baseline_by_length
finetuning,qwen,s5,Full CoT (open),4,4,4,99.83333333333333,0.28867513459481314,full_cot_baseline_by_length
finetuning,qwen,s5,Full CoT (open),5,5,5,100.0,0.0,full_cot_baseline_by_length
finetuning,qwen,s5,Full CoT (open),6,6,6,100.0,0.0,full_cot_baseline_by_length
finetuning,qwen,s5,Full CoT (open),7,7,7,100.0,0.0,full_cot_baseline_by_length
finetuning,qwen,s5,Full CoT (open),8,8,8,100.0,0.0,full_cot_baseline_by_length
finetuning,qwen,s5,Full CoT (open),9,9,9,99.66666666666667,0.5773502691896263,full_cot_baseline_by_length
finetuning,qwen,s5,Full CoT (open),10,10,10,98.66666666666667,1.892969448600093,full_cot_baseline_by_length
finetuning,qwen,s5,Full CoT (open),11,11,11,98.16666666666667,2.7537852736430537,full_cot_baseline_by_length
finetuning,qwen,s5,Full CoT (open),12,12,12,99.83333333333333,0.28867513459481314,full_cot_baseline_by_length
finetuning,qwen,s5,Full CoT (open),13,13,13,99.83333333333333,0.28867513459481314,full_cot_baseline_by_length
finetuning,qwen,s5,Full CoT (open),14,14,14,99.83333333333333,0.28867513459481314,full_cot_baseline_by_length
finetuning,qwen,s5,Full CoT (open),15,15,15,99.83333333333333,0.28867513459481314,full_cot_baseline_by_length
finetuning,qwen,s5,Full CoT (open),16,16,16,99.83333333333333,0.28867513459481314,full_cot_baseline_by_length
finetuning,qwen,s5,Full CoT (open),17,17,17,99.66666666666667,0.5773502691896263,full_cot_baseline_by_length
finetuning,qwen,s5,Full CoT (open),18,18,18,100.0,0.0,full_cot_baseline_by_length
finetuning,qwen,s5,Full CoT (open),19,19,19,99.33333333333333,0.763762615825974,full_cot_baseline_by_length
finetuning,qwen,s5,Vanilla,1,1,1,81.0,4.272001872658763,finetuned
finetuning,qwen,s5,Vanilla,2,2,2,46.666666666666664,5.346338310781816,finetuned
finetuning,qwen,s5,Vanilla,3,3,3,36.5,4.769696007084726,finetuned
finetuning,qwen,s5,Vanilla,4,4,4,20.5,5.408326913195984,finetuned
finetuning,qwen,s5,Vanilla,5,5,5,12.833333333333332,2.886751345948128,finetuned
finetuning,qwen,s5,Vanilla,6,6,6,8.5,1.3228756555322958,finetuned
finetuning,qwen,s5,Vanilla,7,7,7,7.000000000000001,0.4999999999999998,finetuned
finetuning,qwen,s5,Vanilla,8,8,8,5.166666666666667,1.040832999733066,finetuned
finetuning,qwen,s5,Vanilla,9,9,9,1.6666666666666667,2.0816659994661326,finetuned
finetuning,qwen,s5,Vanilla,10,10,10,1.1666666666666667,0.2886751345948128,finetuned
finetuning,qwen,s5,Vanilla,11,11,11,2.666666666666667,0.7637626158259735,finetuned
finetuning,qwen,s5,Vanilla,12,12,12,0.8333333333333334,0.2886751345948129,finetuned
finetuning,qwen,s5,Vanilla,13,13,13,0.5,0.0,finetuned
finetuning,qwen,s5,Vanilla,14,14,14,1.0,0.5,finetuned
finetuning,qwen,s5,Vanilla,15,15,15,1.5,0.8660254037844386,finetuned
finetuning,qwen,s5,Vanilla,16,16,16,0.8333333333333334,0.2886751345948129,finetuned
finetuning,qwen,s5,Vanilla,17,17,17,0.5,0.0,finetuned
finetuning,qwen,s5,Vanilla,18,18,18,1.5,0.5,finetuned
finetuning,qwen,s5,Vanilla,19,19,19,1.1666666666666667,0.7637626158259734,finetuned
finetuning,qwen,s5,Filler,1,1,1,85.66666666666667,1.8929694486000928,filler_only_scaling_v1
finetuning,qwen,s5,Filler,2,2,2,55.833333333333336,3.883726732577012,filler_only_scaling_v1
finetuning,qwen,s5,Filler,3,3,3,39.166666666666664,3.6170890690351176,filler_only_scaling_v1
finetuning,qwen,s5,Filler,4,4,4,19.5,3.278719262151,filler_only_scaling_v1
finetuning,qwen,s5,Filler,5,5,5,11.166666666666666,0.5773502691896263,filler_only_scaling_v1
finetuning,qwen,s5,Filler,6,6,6,6.333333333333332,1.040832999733066,filler_only_scaling_v1
finetuning,qwen,s5,Filler,7,7,7,4.833333333333333,2.362907813126304,filler_only_scaling_v1
finetuning,qwen,s5,Filler,8,8,8,4.333333333333334,1.1547005383792517,filler_only_scaling_v1
finetuning,qwen,s5,Filler,9,9,9,2.5,1.0000000000000002,filler_only_scaling_v1
finetuning,qwen,s5,Filler,10,10,10,1.5,0.5,filler_only_scaling_v1
finetuning,qwen,s5,Filler,11,11,11,2.0,0.8660254037844386,filler_only_scaling_v1
finetuning,qwen,s5,Filler,12,12,12,1.3333333333333335,1.0408329997330665,filler_only_scaling_v1
finetuning,qwen,s5,Filler,13,13,13,0.6666666666666667,0.2886751345948129,filler_only_scaling_v1
finetuning,qwen,s5,Filler,14,14,14,0.33333333333333337,0.2886751345948129,filler_only_scaling_v1
finetuning,qwen,s5,Filler,15,15,15,1.0,0.5,filler_only_scaling_v1
finetuning,qwen,s5,Filler,16,16,16,0.16666666666666669,0.2886751345948129,filler_only_scaling_v1
finetuning,qwen,s5,Filler,17,17,17,0.8333333333333334,0.2886751345948129,filler_only_scaling_v1
finetuning,qwen,s5,Filler,18,18,18,1.1666666666666667,0.7637626158259734,filler_only_scaling_v1
finetuning,qwen,s5,Filler,19,19,19,1.0,0.5,filler_only_scaling_v1
finetuning,qwen,s5,Public-only CoT,1,1,1,98.83333333333333,0.5773502691896263,finetuned
finetuning,qwen,s5,Public-only CoT,2,2,2,43.333333333333336,2.2546248764114494,finetuned
finetuning,qwen,s5,Public-only CoT,3,3,3,31.5,4.769696007084727,finetuned
finetuning,qwen,s5,Public-only CoT,4,4,4,11.666666666666666,1.0408329997330665,finetuned
finetuning,qwen,s5,Public-only CoT,5,5,5,7.833333333333334,1.1547005383792517,finetuned
finetuning,qwen,s5,Public-only CoT,6,6,6,4.500000000000001,1.8027756377319946,finetuned
finetuning,qwen,s5,Public-only CoT,7,7,7,2.0,1.3228756555322951,finetuned
finetuning,qwen,s5,Public-only CoT,8,8,8,2.5000000000000004,1.0000000000000002,finetuned
finetuning,qwen,s5,Public-only CoT,9,9,9,1.1666666666666667,0.7637626158259734,finetuned
finetuning,qwen,s5,Public-only CoT,10,10,10,1.5,1.0,finetuned
finetuning,qwen,s5,Public-only CoT,11,11,11,0.33333333333333337,0.5773502691896258,finetuned
finetuning,qwen,s5,Public-only CoT,12,12,12,0.6666666666666667,0.7637626158259734,finetuned
finetuning,qwen,s5,Public-only CoT,13,13,13,0.5,0.5,finetuned
finetuning,qwen,s5,Public-only CoT,14,14,14,1.6666666666666667,0.2886751345948129,finetuned
finetuning,qwen,s5,Public-only CoT,15,15,15,1.3333333333333335,0.5773502691896258,finetuned
finetuning,qwen,s5,Public-only CoT,16,16,16,0.6666666666666667,0.7637626158259734,finetuned
finetuning,qwen,s5,Public-only CoT,17,17,17,1.1666666666666667,0.7637626158259734,finetuned
finetuning,qwen,s5,Public-only CoT,18,18,18,1.1666666666666667,0.7637626158259734,finetuned
finetuning,qwen,s5,Public-only CoT,19,19,19,0.8333333333333334,0.7637626158259734,finetuned
finetuning,qwen,s5,Piggybacking,1,1,1,100.0,0.0,finetuned
finetuning,qwen,s5,Piggybacking,2,2,2,100.0,0.0,finetuned
finetuning,qwen,s5,Piggybacking,3,3,3,99.33333333333333,1.1547005383792526,finetuned
finetuning,qwen,s5,Piggybacking,4,4,4,99.33333333333333,0.763762615825974,finetuned
finetuning,qwen,s5,Piggybacking,5,5,5,99.5,0.5000000000000004,finetuned
finetuning,qwen,s5,Piggybacking,6,6,6,99.16666666666667,0.763762615825974,finetuned
finetuning,qwen,s5,Piggybacking,7,7,7,98.99999999999999,1.3228756555322967,finetuned
finetuning,qwen,s5,Piggybacking,8,8,8,99.16666666666667,1.0408329997330674,finetuned
finetuning,qwen,s5,Piggybacking,9,9,9,98.83333333333333,2.0207259421636916,finetuned
finetuning,qwen,s5,Piggybacking,10,10,10,99.16666666666667,1.4433756729740657,finetuned
finetuning,qwen,s5,Piggybacking,11,11,11,99.16666666666667,1.4433756729740657,finetuned
finetuning,qwen,s5,Piggybacking,12,12,12,99.16666666666667,0.763762615825974,finetuned
finetuning,qwen,s5,Piggybacking,13,13,13,98.33333333333334,1.7559422921421246,finetuned
finetuning,qwen,s5,Piggybacking,14,14,14,98.5,1.8027756377319963,finetuned
finetuning,qwen,s5,Piggybacking,15,15,15,99.16666666666667,0.763762615825974,finetuned
finetuning,qwen,s5,Piggybacking,16,16,16,98.33333333333334,1.7559422921421246,finetuned
finetuning,qwen,s5,Piggybacking,17,17,17,97.83333333333334,2.5658007197234443,finetuned
finetuning,qwen,s5,Piggybacking,18,18,18,97.00000000000001,2.6457513110645934,finetuned
finetuning,qwen,s5,Piggybacking,19,19,19,98.66666666666667,1.258305739211793,finetuned
finetuning,qwen,s5,Special Tokens,1,1,1,100.0,0.0,finetuned
finetuning,qwen,s5,Special Tokens,2,2,2,100.0,0.0,finetuned
finetuning,qwen,s5,Special Tokens,3,3,3,100.0,0.0,finetuned
finetuning,qwen,s5,Special Tokens,4,4,4,100.0,0.0,finetuned
finetuning,qwen,s5,Special Tokens,5,5,5,99.83333333333334,0.28867513459481314,finetuned
finetuning,qwen,s5,Special Tokens,6,6,6,100.0,0.0,finetuned
finetuning,qwen,s5,Special Tokens,7,7,7,100.0,0.0,finetuned
finetuning,qwen,s5,Special Tokens,8,8,8,100.0,0.0,finetuned
finetuning,qwen,s5,Special Tokens,9,9,9,100.0,0.0,finetuned
finetuning,qwen,s5,Special Tokens,10,10,10,100.0,0.0,finetuned
finetuning,qwen,s5,Special Tokens,11,11,11,100.0,0.0,finetuned
finetuning,qwen,s5,Special Tokens,12,12,12,100.0,0.0,finetuned
finetuning,qwen,s5,Special Tokens,13,13,13,100.0,0.0,finetuned
finetuning,qwen,s5,Special Tokens,14,14,14,100.0,0.0,finetuned
finetuning,qwen,s5,Special Tokens,15,15,15,100.0,0.0,finetuned
finetuning,qwen,s5,Special Tokens,16,16,16,100.0,0.0,finetuned
finetuning,qwen,s5,Special Tokens,17,17,17,100.0,0.0,finetuned
finetuning,qwen,s5,Special Tokens,18,18,18,100.0,0.0,finetuned
finetuning,qwen,s5,Special Tokens,19,19,19,99.33333333333333,1.1547005383792526,finetuned
finetuning,llama,multiplication,Full CoT (open),2,2,2,100.0,0.0,full_cot_baseline_by_length
finetuning,llama,multiplication,Full CoT (open),3,3,3,68.16666666666666,3.6855573979159937,full_cot_baseline_by_length
finetuning,llama,multiplication,Full CoT (open),4,4,4,0.8333333333333334,0.2886751345948129,full_cot_baseline_by_length
finetuning,llama,multiplication,Vanilla,2,2,2,91.16666666666667,1.258305739211793,finetuned
finetuning,llama,multiplication,Vanilla,3,3,3,28.333333333333332,1.2583057392117898,finetuned
finetuning,llama,multiplication,Vanilla,4,4,4,1.1666666666666667,0.2886751345948128,finetuned
finetuning,llama,multiplication,Filler,2,2,2,92.16666666666667,1.0408329997330672,filler_only_scaling_v1
finetuning,llama,multiplication,Filler,3,3,3,27.0,2.7838821814150108,filler_only_scaling_v1
finetuning,llama,multiplication,Filler,4,4,4,1.3333333333333333,0.28867513459481287,filler_only_scaling_v1
finetuning,llama,multiplication,Public-only CoT,2,2,2,91.66666666666666,1.258305739211793,finetuned
finetuning,llama,multiplication,Public-only CoT,3,3,3,22.5,0.5000000000000004,finetuned
finetuning,llama,multiplication,Public-only CoT,4,4,4,1.0,0.5,finetuned
finetuning,llama,multiplication,Piggybacking,2,2,2,89.5,1.0000000000000009,finetuned
finetuning,llama,multiplication,Piggybacking,3,3,3,25.5,2.783882181415009,finetuned
finetuning,llama,multiplication,Piggybacking,4,4,4,0.8333333333333334,0.5773502691896257,finetuned
finetuning,llama,multiplication,Special Tokens,2,2,2,90.83333333333333,1.892969448600093,finetuned
finetuning,llama,multiplication,Special Tokens,3,3,3,25.0,1.3228756555322967,finetuned
finetuning,llama,multiplication,Special Tokens,4,4,4,0.5,0.5,finetuned
finetuning,llama,knowledge,Full CoT (open),1,1,1,100.0,0.0,full_cot_baseline_by_length
finetuning,llama,knowledge,Full CoT (open),2,2,2,100.0,0.0,full_cot_baseline_by_length
finetuning,llama,knowledge,Full CoT (open),3,3,3,100.0,0.0,full_cot_baseline_by_length
finetuning,llama,knowledge,Full CoT (open),4,4,4,100.0,0.0,full_cot_baseline_by_length
finetuning,llama,knowledge,Full CoT (open),5,5,5,100.0,0.0,full_cot_baseline_by_length
finetuning,llama,knowledge,Vanilla,1,1,1,100.0,0.0,finetuned
finetuning,llama,knowledge,Vanilla,2,2,2,17.833333333333336,4.163331998932266,finetuned
finetuning,llama,knowledge,Vanilla,3,3,3,13.333333333333334,3.752776749732568,finetuned
finetuning,llama,knowledge,Vanilla,4,4,4,10.5,0.4999999999999998,finetuned
finetuning,llama,knowledge,Vanilla,5,5,5,6.333333333333334,1.5275252316519468,finetuned
finetuning,llama,knowledge,Filler,1,1,1,100.0,0.0,filler_only_scaling_v1
finetuning,llama,knowledge,Filler,2,2,2,18.5,9.16515138991168,filler_only_scaling_v1
finetuning,llama,knowledge,Filler,3,3,3,14.666666666666666,6.251666444503683,filler_only_scaling_v1
finetuning,llama,knowledge,Filler,4,4,4,12.166666666666668,4.041451884327381,filler_only_scaling_v1
finetuning,llama,knowledge,Filler,5,5,5,8.0,2.6457513110645903,filler_only_scaling_v1
finetuning,llama,knowledge,Public-only CoT,1,1,1,100.0,0.0,finetuned
finetuning,llama,knowledge,Public-only CoT,2,2,2,12.5,2.179449471770337,finetuned
finetuning,llama,knowledge,Public-only CoT,3,3,3,8.5,3.0000000000000004,finetuned
finetuning,llama,knowledge,Public-only CoT,4,4,4,6.5,2.5,finetuned
finetuning,llama,knowledge,Public-only CoT,5,5,5,7.333333333333333,2.3629078131263044,finetuned
finetuning,llama,knowledge,Piggybacking,1,1,1,100.0,0.0,finetuned
finetuning,llama,knowledge,Piggybacking,2,2,2,99.66666666666667,0.28867513459481314,finetuned
finetuning,llama,knowledge,Piggybacking,3,3,3,99.5,0.8660254037844395,finetuned
finetuning,llama,knowledge,Piggybacking,4,4,4,99.16666666666667,1.0408329997330674,finetuned
finetuning,llama,knowledge,Piggybacking,5,5,5,99.66666666666667,0.28867513459481314,finetuned
finetuning,llama,knowledge,Special Tokens,1,1,1,100.0,0.0,finetuned
finetuning,llama,knowledge,Special Tokens,2,2,2,99.5,0.5000000000000004,finetuned
finetuning,llama,knowledge,Special Tokens,3,3,3,98.66666666666667,0.5773502691896262,finetuned
finetuning,llama,knowledge,Special Tokens,4,4,4,97.16666666666667,1.892969448600093,finetuned
finetuning,llama,knowledge,Special Tokens,5,5,5,97.16666666666667,0.5773502691896262,finetuned
finetuning,llama,parity,Full CoT (open),10.954451150103322,8,15,100.0,0.0,full_cot_baseline_by_length
finetuning,llama,parity,Full CoT (open),22.271057451320086,16,31,100.0,0.0,full_cot_baseline_by_length
finetuning,llama,parity,Full CoT (open),44.8998886412873,32,63,100.0,0.0,full_cot_baseline_by_length
finetuning,llama,parity,Full CoT (open),90.15542135667715,64,127,100.0,0.0,full_cot_baseline_by_length
finetuning,llama,parity,Full CoT (open),180.66543665017943,128,255,100.0,0.0,full_cot_baseline_by_length
finetuning,llama,parity,Vanilla,10.954451150103322,8,15,50.16666666666667,0.763762615825974,finetuned
finetuning,llama,parity,Vanilla,22.271057451320086,16,31,49.666666666666664,0.28867513459481314,finetuned
finetuning,llama,parity,Vanilla,44.8998886412873,32,63,49.666666666666664,0.5773502691896263,finetuned
finetuning,llama,parity,Vanilla,90.15542135667715,64,127,50.33333333333333,0.5773502691896263,finetuned
finetuning,llama,parity,Vanilla,180.66543665017943,128,255,49.5,0.8660254037844394,finetuned
finetuning,llama,parity,Filler,10.954451150103322,8,15,49.67,1.53,filler_only_scaling_v1
finetuning,llama,parity,Filler,22.271057451320086,16,31,50.67,2.08,filler_only_scaling_v1
finetuning,llama,parity,Filler,44.8998886412873,32,63,52.17,2.25,filler_only_scaling_v1
finetuning,llama,parity,Filler,90.15542135667715,64,127,50.33,2.02,filler_only_scaling_v1
finetuning,llama,parity,Filler,180.66543665017943,128,255,49.5,0.87,filler_only_scaling_v1
finetuning,llama,parity,Public-only CoT,10.954451150103322,8,15,52.33333333333333,3.617089069035114,finetuned
finetuning,llama,parity,Public-only CoT,22.271057451320086,16,31,49.666666666666664,0.28867513459481314,finetuned
finetuning,llama,parity,Public-only CoT,44.8998886412873,32,63,49.0,1.7320508075688787,finetuned
finetuning,llama,parity,Public-only CoT,90.15542135667715,64,127,49.5,0.8660254037844394,finetuned
finetuning,llama,parity,Public-only CoT,180.66543665017943,128,255,49.333333333333336,0.763762615825974,finetuned
finetuning,llama,parity,Piggybacking,10.954451150103322,8,15,100.0,0.0,finetuned
finetuning,llama,parity,Piggybacking,22.271057451320086,16,31,100.0,0.0,finetuned
finetuning,llama,parity,Piggybacking,44.8998886412873,32,63,100.0,0.0,finetuned
finetuning,llama,parity,Piggybacking,90.15542135667715,64,127,100.0,0.0,finetuned
finetuning,llama,parity,Piggybacking,180.66543665017943,128,255,100.0,0.0,finetuned
finetuning,llama,parity,Special Tokens,10.954451150103322,8,15,100.0,0.0,finetuned
finetuning,llama,parity,Special Tokens,22.271057451320086,16,31,100.0,0.0,finetuned
finetuning,llama,parity,Special Tokens,44.8998886412873,32,63,100.0,0.0,finetuned
finetuning,llama,parity,Special Tokens,90.15542135667715,64,127,100.0,0.0,finetuned
finetuning,llama,parity,Special Tokens,180.66543665017943,128,255,99.83333333333333,0.28867513459481314,finetuned
finetuning,llama,s5,Full CoT (open),1,1,1,100.0,0.0,full_cot_baseline_by_length
finetuning,llama,s5,Full CoT (open),2,2,2,100.0,0.0,full_cot_baseline_by_length
finetuning,llama,s5,Full CoT (open),3,3,3,100.0,0.0,full_cot_baseline_by_length
finetuning,llama,s5,Full CoT (open),4,4,4,100.0,0.0,full_cot_baseline_by_length
finetuning,llama,s5,Full CoT (open),5,5,5,100.0,0.0,full_cot_baseline_by_length
finetuning,llama,s5,Full CoT (open),6,6,6,100.0,0.0,full_cot_baseline_by_length
finetuning,llama,s5,Full CoT (open),7,7,7,100.0,0.0,full_cot_baseline_by_length
finetuning,llama,s5,Full CoT (open),8,8,8,100.0,0.0,full_cot_baseline_by_length
finetuning,llama,s5,Full CoT (open),9,9,9,100.0,0.0,full_cot_baseline_by_length
finetuning,llama,s5,Full CoT (open),10,10,10,100.0,0.0,full_cot_baseline_by_length
finetuning,llama,s5,Full CoT (open),11,11,11,100.0,0.0,full_cot_baseline_by_length
finetuning,llama,s5,Full CoT (open),12,12,12,100.0,0.0,full_cot_baseline_by_length
finetuning,llama,s5,Full CoT (open),13,13,13,100.0,0.0,full_cot_baseline_by_length
finetuning,llama,s5,Full CoT (open),14,14,14,99.83333333333333,0.28867513459481314,full_cot_baseline_by_length
finetuning,llama,s5,Full CoT (open),15,15,15,100.0,0.0,full_cot_baseline_by_length
finetuning,llama,s5,Full CoT (open),16,16,16,100.0,0.0,full_cot_baseline_by_length
finetuning,llama,s5,Full CoT (open),17,17,17,99.83333333333333,0.28867513459481314,full_cot_baseline_by_length
finetuning,llama,s5,Full CoT (open),18,18,18,100.0,0.0,full_cot_baseline_by_length
finetuning,llama,s5,Full CoT (open),19,19,19,100.0,0.0,full_cot_baseline_by_length
finetuning,llama,s5,Vanilla,1,1,1,80.5,2.4999999999999964,finetuned
finetuning,llama,s5,Vanilla,2,2,2,71.16666666666666,3.511884584284244,finetuned
finetuning,llama,s5,Vanilla,3,3,3,67.5,4.358898943540671,finetuned
finetuning,llama,s5,Vanilla,4,4,4,56.166666666666664,3.7859388972001793,finetuned
finetuning,llama,s5,Vanilla,5,5,5,60.333333333333336,7.3711147958319945,finetuned
finetuning,llama,s5,Vanilla,6,6,6,52.83333333333333,8.607167555783569,finetuned
finetuning,llama,s5,Vanilla,7,7,7,48.666666666666664,7.571877794400366,finetuned
finetuning,llama,s5,Vanilla,8,8,8,51.0,6.726812023536853,finetuned
finetuning,llama,s5,Vanilla,9,9,9,52.33333333333333,7.686568371733469,finetuned
finetuning,llama,s5,Vanilla,10,10,10,50.0,9.124143795447331,finetuned
finetuning,llama,s5,Vanilla,11,11,11,44.0,12.28820572744451,finetuned
finetuning,llama,s5,Vanilla,12,12,12,43.5,7.053367989832942,finetuned
finetuning,llama,s5,Vanilla,13,13,13,44.83333333333333,7.0059498523279,finetuned
finetuning,llama,s5,Vanilla,14,14,14,44.66666666666667,7.505553499465136,finetuned
finetuning,llama,s5,Vanilla,15,15,15,41.166666666666664,5.299371031861551,finetuned
finetuning,llama,s5,Vanilla,16,16,16,37.166666666666664,7.285830998131465,finetuned
finetuning,llama,s5,Vanilla,17,17,17,45.0,11.905880899790658,finetuned
finetuning,llama,s5,Vanilla,18,18,18,39.5,6.0827625302982185,finetuned
finetuning,llama,s5,Vanilla,19,19,19,35.166666666666664,7.653975002136687,finetuned
finetuning,llama,s5,Filler,1,1,1,83.0,1.80277563773199,filler_only_scaling_v1
finetuning,llama,s5,Filler,2,2,2,61.33333333333333,4.193248541803045,filler_only_scaling_v1
finetuning,llama,s5,Filler,3,3,3,50.66666666666667,5.251983752196245,filler_only_scaling_v1
finetuning,llama,s5,Filler,4,4,4,37.333333333333336,6.8251984098144245,filler_only_scaling_v1
finetuning,llama,s5,Filler,5,5,5,35.333333333333336,13.316656236958785,filler_only_scaling_v1
finetuning,llama,s5,Filler,6,6,6,30.0,11.258330249197702,filler_only_scaling_v1
finetuning,llama,s5,Filler,7,7,7,22.333333333333332,9.827681991870378,filler_only_scaling_v1
finetuning,llama,s5,Filler,8,8,8,27.833333333333332,15.011106998930272,filler_only_scaling_v1
finetuning,llama,s5,Filler,9,9,9,23.0,11.324751652906127,filler_only_scaling_v1
finetuning,llama,s5,Filler,10,10,10,23.166666666666664,12.35246264245852,filler_only_scaling_v1
finetuning,llama,s5,Filler,11,11,11,22.333333333333336,12.013880860626735,filler_only_scaling_v1
finetuning,llama,s5,Filler,12,12,12,17.333333333333336,9.50438495292217,filler_only_scaling_v1
finetuning,llama,s5,Filler,13,13,13,18.833333333333332,12.789970028633114,filler_only_scaling_v1
finetuning,llama,s5,Filler,14,14,14,19.833333333333332,7.75134396948899,filler_only_scaling_v1
finetuning,llama,s5,Filler,15,15,15,17.5,8.261355820929154,filler_only_scaling_v1
finetuning,llama,s5,Filler,16,16,16,14.333333333333334,11.772142257606868,filler_only_scaling_v1
finetuning,llama,s5,Filler,17,17,17,13.833333333333334,12.493331554606776,filler_only_scaling_v1
finetuning,llama,s5,Filler,18,18,18,12.0,8.5,filler_only_scaling_v1
finetuning,llama,s5,Filler,19,19,19,9.833333333333334,9.50438495292217,filler_only_scaling_v1
finetuning,llama,s5,Public-only CoT,1,1,1,97.5,2.5980762113533182,finetuned
finetuning,llama,s5,Public-only CoT,2,2,2,46.33333333333333,3.4034296427770228,finetuned
finetuning,llama,s5,Public-only CoT,3,3,3,28.833333333333332,2.0816659994661317,finetuned
finetuning,llama,s5,Public-only CoT,4,4,4,14.16666666666667,2.0207259421636903,finetuned
finetuning,llama,s5,Public-only CoT,5,5,5,8.0,2.7838821814150108,finetuned
finetuning,llama,s5,Public-only CoT,6,6,6,5.333333333333334,4.072263907623539,finetuned
finetuning,llama,s5,Public-only CoT,7,7,7,3.0,0.5000000000000001,finetuned
finetuning,llama,s5,Public-only CoT,8,8,8,2.3333333333333335,0.5773502691896256,finetuned
finetuning,llama,s5,Public-only CoT,9,9,9,0.6666666666666667,0.5773502691896258,finetuned
finetuning,llama,s5,Public-only CoT,10,10,10,1.0,0.8660254037844386,finetuned
finetuning,llama,s5,Public-only CoT,11,11,11,1.6666666666666667,0.7637626158259734,finetuned
finetuning,llama,s5,Public-only CoT,12,12,12,0.5,0.5,finetuned
finetuning,llama,s5,Public-only CoT,13,13,13,1.8333333333333333,1.0408329997330663,finetuned
finetuning,llama,s5,Public-only CoT,14,14,14,0.8333333333333334,0.7637626158259734,finetuned
finetuning,llama,s5,Public-only CoT,15,15,15,0.8333333333333334,0.5773502691896257,finetuned
finetuning,llama,s5,Public-only CoT,16,16,16,0.33333333333333337,0.2886751345948129,finetuned
finetuning,llama,s5,Public-only CoT,17,17,17,0.8333333333333334,0.7637626158259734,finetuned
finetuning,llama,s5,Public-only CoT,18,18,18,0.6666666666666667,0.7637626158259734,finetuned
finetuning,llama,s5,Public-only CoT,19,19,19,0.6666666666666667,0.2886751345948129,finetuned
finetuning,llama,s5,Piggybacking,1,1,1,99.5,0.8660254037844394,finetuned
finetuning,llama,s5,Piggybacking,2,2,2,99.5,0.5000000000000004,finetuned
finetuning,llama,s5,Piggybacking,3,3,3,99.66666666666667,0.28867513459481314,finetuned
finetuning,llama,s5,Piggybacking,4,4,4,99.5,0.5000000000000004,finetuned
finetuning,llama,s5,Piggybacking,5,5,5,100.0,0.0,finetuned
finetuning,llama,s5,Piggybacking,6,6,6,99.33333333333333,0.5773502691896263,finetuned
finetuning,llama,s5,Piggybacking,7,7,7,99.33333333333333,0.763762615825974,finetuned
finetuning,llama,s5,Piggybacking,8,8,8,99.16666666666667,0.763762615825974,finetuned
finetuning,llama,s5,Piggybacking,9,9,9,99.33333333333333,0.763762615825974,finetuned
finetuning,llama,s5,Piggybacking,10,10,10,99.16666666666667,1.0408329997330674,finetuned
finetuning,llama,s5,Piggybacking,11,11,11,99.16666666666667,1.0408329997330674,finetuned
finetuning,llama,s5,Piggybacking,12,12,12,99.33333333333333,0.763762615825974,finetuned
finetuning,llama,s5,Piggybacking,13,13,13,99.33333333333333,0.763762615825974,finetuned
finetuning,llama,s5,Piggybacking,14,14,14,99.16666666666667,0.763762615825974,finetuned
finetuning,llama,s5,Piggybacking,15,15,15,99.33333333333333,0.5773502691896263,finetuned
finetuning,llama,s5,Piggybacking,16,16,16,97.83333333333334,2.2546248764114494,finetuned
finetuning,llama,s5,Piggybacking,17,17,17,99.5,0.5000000000000004,finetuned
finetuning,llama,s5,Piggybacking,18,18,18,99.33333333333333,0.763762615825974,finetuned
finetuning,llama,s5,Piggybacking,19,19,19,98.66666666666667,1.527525231651948,finetuned
finetuning,llama,s5,Special Tokens,1,1,1,100.0,0.0,finetuned
finetuning,llama,s5,Special Tokens,2,2,2,100.0,0.0,finetuned
finetuning,llama,s5,Special Tokens,3,3,3,100.0,0.0,finetuned
finetuning,llama,s5,Special Tokens,4,4,4,100.0,0.0,finetuned
finetuning,llama,s5,Special Tokens,5,5,5,100.0,0.0,finetuned
finetuning,llama,s5,Special Tokens,6,6,6,100.0,0.0,finetuned
finetuning,llama,s5,Special Tokens,7,7,7,100.0,0.0,finetuned
finetuning,llama,s5,Special Tokens,8,8,8,100.0,0.0,finetuned
finetuning,llama,s5,Special Tokens,9,9,9,100.0,0.0,finetuned
finetuning,llama,s5,Special Tokens,10,10,10,100.0,0.0,finetuned
finetuning,llama,s5,Special Tokens,11,11,11,100.0,0.0,finetuned
finetuning,llama,s5,Special Tokens,12,12,12,100.0,0.0,finetuned
finetuning,llama,s5,Special Tokens,13,13,13,100.0,0.0,finetuned
finetuning,llama,s5,Special Tokens,14,14,14,99.83333333333334,0.28867513459481314,finetuned
finetuning,llama,s5,Special Tokens,15,15,15,100.0,0.0,finetuned
finetuning,llama,s5,Special Tokens,16,16,16,99.83333333333334,0.28867513459481314,finetuned
finetuning,llama,s5,Special Tokens,17,17,17,100.0,0.0,finetuned
finetuning,llama,s5,Special Tokens,18,18,18,99.83333333333334,0.28867513459481314,finetuned
finetuning,llama,s5,Special Tokens,19,19,19,99.16666666666667,1.4433756729740657,finetuned
