task,model,condition,length,mean,sd,n_seeds,n_per_seed,source
multiplication,qwen,vanilla,2.0,0.9499999999999998,0.0050000000000000044,3,200,balanced_scaling_original
multiplication,qwen,vanilla,3.0,0.28,0.02291287847477919,3,200,balanced_scaling_original
multiplication,qwen,vanilla,4.0,0.02,0.008660254037844387,3,200,balanced_scaling_original
multiplication,qwen,filler_only,2,0.9466666666666667,0.0028867513459481316,3,200,filler_only_scaling_v1
multiplication,qwen,filler_only,3,0.24833333333333332,0.00763762615825974,3,200,filler_only_scaling_v1
multiplication,qwen,filler_only,4,0.013333333333333334,0.002886751345948128,3,200,filler_only_scaling_v1
multiplication,qwen,public_only_cot,2.0,0.9616666666666666,0.01527525231651948,3,200,balanced_scaling_original
multiplication,qwen,public_only_cot,3.0,0.25166666666666665,0.005773502691896263,3,200,balanced_scaling_original
multiplication,qwen,public_only_cot,4.0,0.021666666666666667,0.007637626158259733,3,200,balanced_scaling_original
multiplication,qwen,piggyback,2.0,0.9516666666666667,0.00763762615825974,3,200,balanced_scaling_original
multiplication,qwen,piggyback,3.0,0.5783333333333333,0.027537852736430477,3,200,balanced_scaling_original
multiplication,qwen,piggyback,4.0,0.4383333333333333,0.050083264004389054,3,200,balanced_scaling_original
multiplication,qwen,steganography,2.0,0.9883333333333333,0.00763762615825974,3,200,balanced_scaling_original
multiplication,qwen,steganography,3.0,0.87,0.027838821814150136,3,200,balanced_scaling_original
multiplication,qwen,steganography,4.0,0.48333333333333334,0.06048415770541354,3,200,balanced_scaling_original
multiplication,qwen,filler_public_cot,2.0,0.945,0.0050000000000000044,3,200,balanced_scaling_original
multiplication,qwen,filler_public_cot,3.0,0.245,0.03041381265149111,3,200,balanced_scaling_original
multiplication,qwen,filler_public_cot,4.0,0.01,0.005,3,200,balanced_scaling_original
multiplication,llama,vanilla,2.0,0.9116666666666667,0.012583057392117928,3,200,balanced_scaling_original
multiplication,llama,vanilla,3.0,0.2833333333333333,0.012583057392117897,3,200,balanced_scaling_original
multiplication,llama,vanilla,4.0,0.011666666666666667,0.002886751345948128,3,200,balanced_scaling_original
multiplication,llama,filler_only,2,0.9216666666666667,0.010408329997330674,3,200,filler_only_scaling_v1
multiplication,llama,filler_only,3,0.27,0.027838821814150108,3,200,filler_only_scaling_v1
multiplication,llama,filler_only,4,0.013333333333333334,0.002886751345948128,3,200,filler_only_scaling_v1
multiplication,llama,public_only_cot,2.0,0.9166666666666666,0.012583057392117928,3,200,balanced_scaling_original
multiplication,llama,public_only_cot,3.0,0.225,0.0050000000000000044,3,200,balanced_scaling_original
multiplication,llama,public_only_cot,4.0,0.01,0.005,3,200,balanced_scaling_original
multiplication,llama,piggyback,2.0,0.895,0.010000000000000009,3,200,balanced_scaling_original
multiplication,llama,piggyback,3.0,0.255,0.02783882181415009,3,200,balanced_scaling_original
multiplication,llama,piggyback,4.0,0.008333333333333333,0.005773502691896257,3,200,balanced_scaling_original
multiplication,llama,steganography,2.0,0.9083333333333333,0.01892969448600093,3,200,balanced_scaling_original
multiplication,llama,steganography,3.0,0.25,0.013228756555322966,3,200,balanced_scaling_original
multiplication,llama,steganography,4.0,0.005,0.005,3,200,balanced_scaling_original
multiplication,llama,filler_public_cot,2.0,0.9116666666666667,0.0028867513459481316,3,200,balanced_scaling_original
multiplication,llama,filler_public_cot,3.0,0.26333333333333336,0.023629078131263033,3,200,balanced_scaling_original
multiplication,llama,filler_public_cot,4.0,0.008333333333333333,0.007637626158259733,3,200,balanced_scaling_original
knowledge,qwen,vanilla,1.0,1.0,0.0,3,200,balanced_scaling_original
knowledge,qwen,vanilla,2.0,0.21666666666666667,0.02753785273643051,3,200,balanced_scaling_original
knowledge,qwen,vanilla,3.0,0.15666666666666668,0.014433756729740642,3,200,balanced_scaling_original
knowledge,qwen,vanilla,4.0,0.13,0.0229128784747792,3,200,balanced_scaling_original
knowledge,qwen,vanilla,5.0,0.10166666666666667,0.02843120351538663,3,200,balanced_scaling_original
knowledge,qwen,filler_only,1,1.0,0.0,3,200,filler_only_scaling_v1
knowledge,qwen,filler_only,2,0.255,0.031224989991991976,3,200,filler_only_scaling_v1
knowledge,qwen,filler_only,3,0.19666666666666668,0.005773502691896263,3,200,filler_only_scaling_v1
knowledge,qwen,filler_only,4,0.12333333333333334,0.016072751268321597,3,200,filler_only_scaling_v1
knowledge,qwen,filler_only,5,0.125,0.03968626966596887,3,200,filler_only_scaling_v1
knowledge,qwen,public_only_cot,1.0,1.0,0.0,3,200,balanced_scaling_original
knowledge,qwen,public_only_cot,2.0,0.17,0.020000000000000004,3,200,balanced_scaling_original
knowledge,qwen,public_only_cot,3.0,0.13,0.02598076211353316,3,200,balanced_scaling_original
knowledge,qwen,public_only_cot,4.0,0.15166666666666667,0.018929694486000914,3,200,balanced_scaling_original
knowledge,qwen,public_only_cot,5.0,0.08,0.020000000000000004,3,200,balanced_scaling_original
knowledge,qwen,piggyback,1.0,1.0,0.0,3,200,balanced_scaling_original
knowledge,qwen,piggyback,2.0,0.89,0.17320508075688776,3,200,balanced_scaling_original
knowledge,qwen,piggyback,3.0,0.8849999999999999,0.15596473960482224,3,200,balanced_scaling_original
knowledge,qwen,piggyback,4.0,0.8366666666666666,0.2353897477235008,3,200,balanced_scaling_original
knowledge,qwen,piggyback,5.0,0.8066666666666666,0.25711540858792054,3,200,balanced_scaling_original
knowledge,qwen,steganography,1.0,1.0,0.0,3,200,balanced_scaling_original
knowledge,qwen,steganography,2.0,1.0,0.0,3,200,balanced_scaling_original
knowledge,qwen,steganography,3.0,1.0,0.0,3,200,balanced_scaling_original
knowledge,qwen,steganography,4.0,0.9983333333333334,0.0028867513459481316,3,200,balanced_scaling_original
knowledge,qwen,steganography,5.0,0.995,0.008660254037844395,3,200,balanced_scaling_original
knowledge,qwen,filler_public_cot,1.0,1.0,0.0,3,200,balanced_scaling_original
knowledge,qwen,filler_public_cot,2.0,0.16166666666666665,0.011547005383792509,3,200,balanced_scaling_original
knowledge,qwen,filler_public_cot,3.0,0.12666666666666668,0.02254624876411447,3,200,balanced_scaling_original
knowledge,qwen,filler_public_cot,4.0,0.11,0.013228756555322952,3,200,balanced_scaling_original
knowledge,qwen,filler_public_cot,5.0,0.085,0.010000000000000002,3,200,balanced_scaling_original
knowledge,llama,vanilla,1.0,1.0,0.0,3,200,balanced_scaling_original
knowledge,llama,vanilla,2.0,0.17833333333333334,0.04163331998932266,3,200,balanced_scaling_original
knowledge,llama,vanilla,3.0,0.13333333333333333,0.03752776749732568,3,200,balanced_scaling_original
knowledge,llama,vanilla,4.0,0.105,0.0049999999999999975,3,200,balanced_scaling_original
knowledge,llama,vanilla,5.0,0.06333333333333334,0.015275252316519466,3,200,balanced_scaling_original
knowledge,llama,filler_only,1,1.0,0.0,3,200,filler_only_scaling_v1
knowledge,llama,filler_only,2,0.18500000000000003,0.0916515138991168,3,200,filler_only_scaling_v1
knowledge,llama,filler_only,3,0.14666666666666667,0.06251666444503683,3,200,filler_only_scaling_v1
knowledge,llama,filler_only,4,0.12166666666666666,0.0404145188432738,3,200,filler_only_scaling_v1
knowledge,llama,filler_only,5,0.08,0.026457513110645904,3,200,filler_only_scaling_v1
knowledge,llama,public_only_cot,1.0,1.0,0.0,3,200,balanced_scaling_original
knowledge,llama,public_only_cot,2.0,0.125,0.02179449471770337,3,200,balanced_scaling_original
knowledge,llama,public_only_cot,3.0,0.085,0.030000000000000002,3,200,balanced_scaling_original
knowledge,llama,public_only_cot,4.0,0.065,0.024999999999999998,3,200,balanced_scaling_original
knowledge,llama,public_only_cot,5.0,0.07333333333333333,0.023629078131263043,3,200,balanced_scaling_original
knowledge,llama,piggyback,1.0,1.0,0.0,3,200,balanced_scaling_original
knowledge,llama,piggyback,2.0,0.9966666666666667,0.0028867513459481316,3,200,balanced_scaling_original
knowledge,llama,piggyback,3.0,0.995,0.008660254037844395,3,200,balanced_scaling_original
knowledge,llama,piggyback,4.0,0.9916666666666667,0.010408329997330674,3,200,balanced_scaling_original
knowledge,llama,piggyback,5.0,0.9966666666666667,0.0028867513459481316,3,200,balanced_scaling_original
knowledge,llama,steganography,1.0,1.0,0.0,3,200,balanced_scaling_original
knowledge,llama,steganography,2.0,0.995,0.0050000000000000044,3,200,balanced_scaling_original
knowledge,llama,steganography,3.0,0.9866666666666667,0.005773502691896262,3,200,balanced_scaling_original
knowledge,llama,steganography,4.0,0.9716666666666667,0.01892969448600093,3,200,balanced_scaling_original
knowledge,llama,steganography,5.0,0.9716666666666667,0.005773502691896262,3,200,balanced_scaling_original
knowledge,llama,filler_public_cot,1.0,1.0,0.0,3,200,balanced_scaling_original
knowledge,llama,filler_public_cot,2.0,0.12666666666666668,0.040414518843273815,3,200,balanced_scaling_original
knowledge,llama,filler_public_cot,3.0,0.08666666666666667,0.010408329997330665,3,200,balanced_scaling_original
knowledge,llama,filler_public_cot,4.0,0.065,0.013228756555322956,3,200,balanced_scaling_original
knowledge,llama,filler_public_cot,5.0,0.06333333333333334,0.012583057392117914,3,200,balanced_scaling_original
s5,qwen,vanilla,1.0,0.8099999999999999,0.042720018726587636,3,200,balanced_scaling_original
s5,qwen,vanilla,2.0,0.4666666666666666,0.05346338310781815,3,200,balanced_scaling_original
s5,qwen,vanilla,3.0,0.365,0.04769696007084726,3,200,balanced_scaling_original
s5,qwen,vanilla,4.0,0.205,0.05408326913195984,3,200,balanced_scaling_original
s5,qwen,vanilla,5.0,0.12833333333333333,0.02886751345948128,3,200,balanced_scaling_original
s5,qwen,vanilla,6.0,0.085,0.013228756555322957,3,200,balanced_scaling_original
s5,qwen,vanilla,7.0,0.07,0.0049999999999999975,3,200,balanced_scaling_original
s5,qwen,vanilla,8.0,0.051666666666666666,0.010408329997330662,3,200,balanced_scaling_original
s5,qwen,vanilla,9.0,0.016666666666666666,0.020816659994661327,3,200,balanced_scaling_original
s5,qwen,vanilla,10.0,0.011666666666666667,0.002886751345948128,3,200,balanced_scaling_original
s5,qwen,vanilla,11.0,0.02666666666666667,0.007637626158259735,3,200,balanced_scaling_original
s5,qwen,vanilla,12.0,0.008333333333333333,0.002886751345948129,3,200,balanced_scaling_original
s5,qwen,vanilla,13.0,0.005,0.0,3,200,balanced_scaling_original
s5,qwen,vanilla,14.0,0.01,0.005,3,200,balanced_scaling_original
s5,qwen,vanilla,15.0,0.015,0.008660254037844387,3,200,balanced_scaling_original
s5,qwen,vanilla,16.0,0.008333333333333333,0.002886751345948129,3,200,balanced_scaling_original
s5,qwen,vanilla,17.0,0.005,0.0,3,200,balanced_scaling_original
s5,qwen,vanilla,18.0,0.015,0.005,3,200,balanced_scaling_original
s5,qwen,vanilla,19.0,0.011666666666666667,0.007637626158259733,3,200,balanced_scaling_original
s5,qwen,filler_only,1,0.8566666666666666,0.01892969448600093,3,200,filler_only_scaling_v1
s5,qwen,filler_only,2,0.5583333333333332,0.038837267325770114,3,200,filler_only_scaling_v1
s5,qwen,filler_only,3,0.3916666666666666,0.036170890690351176,3,200,filler_only_scaling_v1
s5,qwen,filler_only,4,0.19499999999999998,0.03278719262151,3,200,filler_only_scaling_v1
s5,qwen,filler_only,5,0.11166666666666668,0.005773502691896263,3,200,filler_only_scaling_v1
s5,qwen,filler_only,6,0.06333333333333334,0.010408329997330662,3,200,filler_only_scaling_v1
s5,qwen,filler_only,7,0.04833333333333333,0.02362907813126304,3,200,filler_only_scaling_v1
s5,qwen,filler_only,8,0.043333333333333335,0.011547005383792518,3,200,filler_only_scaling_v1
s5,qwen,filler_only,9,0.025000000000000005,0.010000000000000002,3,200,filler_only_scaling_v1
s5,qwen,filler_only,10,0.015,0.005,3,200,filler_only_scaling_v1
s5,qwen,filler_only,11,0.02,0.008660254037844387,3,200,filler_only_scaling_v1
s5,qwen,filler_only,12,0.013333333333333334,0.010408329997330663,3,200,filler_only_scaling_v1
s5,qwen,filler_only,13,0.006666666666666667,0.002886751345948129,3,200,filler_only_scaling_v1
s5,qwen,filler_only,14,0.0033333333333333335,0.002886751345948129,3,200,filler_only_scaling_v1
s5,qwen,filler_only,15,0.01,0.005,3,200,filler_only_scaling_v1
s5,qwen,filler_only,16,0.0016666666666666668,0.002886751345948129,3,200,filler_only_scaling_v1
s5,qwen,filler_only,17,0.008333333333333333,0.002886751345948129,3,200,filler_only_scaling_v1
s5,qwen,filler_only,18,0.011666666666666667,0.007637626158259733,3,200,filler_only_scaling_v1
s5,qwen,filler_only,19,0.01,0.005,3,200,filler_only_scaling_v1
s5,qwen,public_only_cot,1.0,0.9883333333333333,0.005773502691896263,3,200,balanced_scaling_original
s5,qwen,public_only_cot,2.0,0.43333333333333335,0.022546248764114492,3,200,balanced_scaling_original
s5,qwen,public_only_cot,3.0,0.315,0.04769696007084727,3,200,balanced_scaling_original
s5,qwen,public_only_cot,4.0,0.11666666666666665,0.010408329997330665,3,200,balanced_scaling_original
s5,qwen,public_only_cot,5.0,0.07833333333333334,0.011547005383792518,3,200,balanced_scaling_original
s5,qwen,public_only_cot,6.0,0.045000000000000005,0.018027756377319945,3,200,balanced_scaling_original
s5,qwen,public_only_cot,7.0,0.02,0.013228756555322952,3,200,balanced_scaling_original
s5,qwen,public_only_cot,8.0,0.025000000000000005,0.010000000000000002,3,200,balanced_scaling_original
s5,qwen,public_only_cot,9.0,0.011666666666666667,0.007637626158259733,3,200,balanced_scaling_original
s5,qwen,public_only_cot,10.0,0.015,0.01,3,200,balanced_scaling_original
s5,qwen,public_only_cot,11.0,0.0033333333333333335,0.005773502691896258,3,200,balanced_scaling_original
s5,qwen,public_only_cot,12.0,0.006666666666666667,0.007637626158259733,3,200,balanced_scaling_original
s5,qwen,public_only_cot,13.0,0.005,0.005,3,200,balanced_scaling_original
s5,qwen,public_only_cot,14.0,0.016666666666666666,0.0028867513459481294,3,200,balanced_scaling_original
s5,qwen,public_only_cot,15.0,0.013333333333333334,0.005773502691896258,3,200,balanced_scaling_original
s5,qwen,public_only_cot,16.0,0.006666666666666667,0.007637626158259733,3,200,balanced_scaling_original
s5,qwen,public_only_cot,17.0,0.011666666666666667,0.007637626158259733,3,200,balanced_scaling_original
s5,qwen,public_only_cot,18.0,0.011666666666666667,0.007637626158259733,3,200,balanced_scaling_original
s5,qwen,public_only_cot,19.0,0.008333333333333333,0.007637626158259733,3,200,balanced_scaling_original
s5,qwen,piggyback,1.0,1.0,0.0,3,200,balanced_scaling_original
s5,qwen,piggyback,2.0,1.0,0.0,3,200,balanced_scaling_original
s5,qwen,piggyback,3.0,0.9933333333333333,0.011547005383792526,3,200,balanced_scaling_original
s5,qwen,piggyback,4.0,0.9933333333333333,0.00763762615825974,3,200,balanced_scaling_original
s5,qwen,piggyback,5.0,0.995,0.0050000000000000044,3,200,balanced_scaling_original
s5,qwen,piggyback,6.0,0.9916666666666667,0.00763762615825974,3,200,balanced_scaling_original
s5,qwen,piggyback,7.0,0.9899999999999999,0.013228756555322966,3,200,balanced_scaling_original
s5,qwen,piggyback,8.0,0.9916666666666667,0.010408329997330674,3,200,balanced_scaling_original
s5,qwen,piggyback,9.0,0.9883333333333333,0.020207259421636918,3,200,balanced_scaling_original
s5,qwen,piggyback,10.0,0.9916666666666667,0.014433756729740658,3,200,balanced_scaling_original
s5,qwen,piggyback,11.0,0.9916666666666667,0.014433756729740658,3,200,balanced_scaling_original
s5,qwen,piggyback,12.0,0.9916666666666667,0.00763762615825974,3,200,balanced_scaling_original
s5,qwen,piggyback,13.0,0.9833333333333334,0.017559422921421246,3,200,balanced_scaling_original
s5,qwen,piggyback,14.0,0.985,0.018027756377319962,3,200,balanced_scaling_original
s5,qwen,piggyback,15.0,0.9916666666666667,0.00763762615825974,3,200,balanced_scaling_original
s5,qwen,piggyback,16.0,0.9833333333333334,0.017559422921421246,3,200,balanced_scaling_original
s5,qwen,piggyback,17.0,0.9783333333333334,0.025658007197234444,3,200,balanced_scaling_original
s5,qwen,piggyback,18.0,0.9700000000000001,0.026457513110645932,3,200,balanced_scaling_original
s5,qwen,piggyback,19.0,0.9866666666666667,0.012583057392117928,3,200,balanced_scaling_original
s5,qwen,steganography,1.0,1.0,0.0,3,200,balanced_scaling_original
s5,qwen,steganography,2.0,1.0,0.0,3,200,balanced_scaling_original
s5,qwen,steganography,3.0,1.0,0.0,3,200,balanced_scaling_original
s5,qwen,steganography,4.0,1.0,0.0,3,200,balanced_scaling_original
s5,qwen,steganography,5.0,0.9983333333333334,0.0028867513459481316,3,200,balanced_scaling_original
s5,qwen,steganography,6.0,1.0,0.0,3,200,balanced_scaling_original
s5,qwen,steganography,7.0,1.0,0.0,3,200,balanced_scaling_original
s5,qwen,steganography,8.0,1.0,0.0,3,200,balanced_scaling_original
s5,qwen,steganography,9.0,1.0,0.0,3,200,balanced_scaling_original
s5,qwen,steganography,10.0,1.0,0.0,3,200,balanced_scaling_original
s5,qwen,steganography,11.0,1.0,0.0,3,200,balanced_scaling_original
s5,qwen,steganography,12.0,1.0,0.0,3,200,balanced_scaling_original
s5,qwen,steganography,13.0,1.0,0.0,3,200,balanced_scaling_original
s5,qwen,steganography,14.0,1.0,0.0,3,200,balanced_scaling_original
s5,qwen,steganography,15.0,1.0,0.0,3,200,balanced_scaling_original
s5,qwen,steganography,16.0,1.0,0.0,3,200,balanced_scaling_original
s5,qwen,steganography,17.0,1.0,0.0,3,200,balanced_scaling_original
s5,qwen,steganography,18.0,1.0,0.0,3,200,balanced_scaling_original
s5,qwen,steganography,19.0,0.9933333333333333,0.011547005383792526,3,200,balanced_scaling_original
s5,qwen,filler_public_cot,1.0,0.9816666666666666,0.012583057392117928,3,200,balanced_scaling_original
s5,qwen,filler_public_cot,2.0,0.4083333333333334,0.027537852736430505,3,200,balanced_scaling_original
s5,qwen,filler_public_cot,3.0,0.27666666666666667,0.03752776749732568,3,200,balanced_scaling_original
s5,qwen,filler_public_cot,4.0,0.10833333333333334,0.01040832999733066,3,200,balanced_scaling_original
s5,qwen,filler_public_cot,5.0,0.07166666666666667,0.02254624876411447,3,200,balanced_scaling_original
s5,qwen,filler_public_cot,6.0,0.041666666666666664,0.0028867513459481273,3,200,balanced_scaling_original
s5,qwen,filler_public_cot,7.0,0.03166666666666667,0.0028867513459481316,3,200,balanced_scaling_original
s5,qwen,filler_public_cot,8.0,0.021666666666666667,0.0028867513459481294,3,200,balanced_scaling_original
s5,qwen,filler_public_cot,9.0,0.015,0.005,3,200,balanced_scaling_original
s5,qwen,filler_public_cot,10.0,0.015,0.008660254037844387,3,200,balanced_scaling_original
s5,qwen,filler_public_cot,11.0,0.01,0.008660254037844387,3,200,balanced_scaling_original
s5,qwen,filler_public_cot,12.0,0.005,0.008660254037844387,3,200,balanced_scaling_original
s5,qwen,filler_public_cot,13.0,0.0016666666666666668,0.002886751345948129,3,200,balanced_scaling_original
s5,qwen,filler_public_cot,14.0,0.01,0.005,3,200,balanced_scaling_original
s5,qwen,filler_public_cot,15.0,0.011666666666666665,0.005773502691896257,3,200,balanced_scaling_original
s5,qwen,filler_public_cot,16.0,0.006666666666666667,0.002886751345948129,3,200,balanced_scaling_original
s5,qwen,filler_public_cot,17.0,0.008333333333333333,0.005773502691896257,3,200,balanced_scaling_original
s5,qwen,filler_public_cot,18.0,0.006666666666666667,0.002886751345948129,3,200,balanced_scaling_original
s5,qwen,filler_public_cot,19.0,0.005,0.005,3,200,balanced_scaling_original
s5,llama,vanilla,1.0,0.805,0.024999999999999967,3,200,balanced_scaling_original
s5,llama,vanilla,2.0,0.7116666666666666,0.03511884584284244,3,200,balanced_scaling_original
s5,llama,vanilla,3.0,0.6749999999999999,0.04358898943540671,3,200,balanced_scaling_original
s5,llama,vanilla,4.0,0.5616666666666666,0.03785938897200179,3,200,balanced_scaling_original
s5,llama,vanilla,5.0,0.6033333333333334,0.07371114795831994,3,200,balanced_scaling_original
s5,llama,vanilla,6.0,0.5283333333333333,0.0860716755578357,3,200,balanced_scaling_original
s5,llama,vanilla,7.0,0.48666666666666664,0.07571877794400365,3,200,balanced_scaling_original
s5,llama,vanilla,8.0,0.51,0.06726812023536853,3,200,balanced_scaling_original
s5,llama,vanilla,9.0,0.5233333333333333,0.0768656837173347,3,200,balanced_scaling_original
s5,llama,vanilla,10.0,0.5,0.09124143795447331,3,200,balanced_scaling_original
s5,llama,vanilla,11.0,0.44,0.1228820572744451,3,200,balanced_scaling_original
s5,llama,vanilla,12.0,0.435,0.07053367989832943,3,200,balanced_scaling_original
s5,llama,vanilla,13.0,0.4483333333333333,0.070059498523279,3,200,balanced_scaling_original
s5,llama,vanilla,14.0,0.4466666666666667,0.07505553499465135,3,200,balanced_scaling_original
s5,llama,vanilla,15.0,0.4116666666666666,0.0529937103186155,3,200,balanced_scaling_original
s5,llama,vanilla,16.0,0.37166666666666665,0.07285830998131465,3,200,balanced_scaling_original
s5,llama,vanilla,17.0,0.45,0.11905880899790658,3,200,balanced_scaling_original
s5,llama,vanilla,18.0,0.395,0.060827625302982184,3,200,balanced_scaling_original
s5,llama,vanilla,19.0,0.3516666666666666,0.07653975002136687,3,200,balanced_scaling_original
s5,llama,filler_only,1,0.8300000000000001,0.0180277563773199,3,200,filler_only_scaling_v1
s5,llama,filler_only,2,0.6133333333333333,0.04193248541803045,3,200,filler_only_scaling_v1
s5,llama,filler_only,3,0.5066666666666667,0.05251983752196245,3,200,filler_only_scaling_v1
s5,llama,filler_only,4,0.37333333333333335,0.06825198409814424,3,200,filler_only_scaling_v1
s5,llama,filler_only,5,0.35333333333333333,0.13316656236958785,3,200,filler_only_scaling_v1
s5,llama,filler_only,6,0.3,0.11258330249197701,3,200,filler_only_scaling_v1
s5,llama,filler_only,7,0.22333333333333336,0.09827681991870378,3,200,filler_only_scaling_v1
s5,llama,filler_only,8,0.2783333333333333,0.1501110699893027,3,200,filler_only_scaling_v1
s5,llama,filler_only,9,0.23,0.11324751652906125,3,200,filler_only_scaling_v1
s5,llama,filler_only,10,0.23166666666666666,0.1235246264245852,3,200,filler_only_scaling_v1
s5,llama,filler_only,11,0.22333333333333336,0.12013880860626734,3,200,filler_only_scaling_v1
s5,llama,filler_only,12,0.17333333333333334,0.0950438495292217,3,200,filler_only_scaling_v1
s5,llama,filler_only,13,0.18833333333333335,0.12789970028633113,3,200,filler_only_scaling_v1
s5,llama,filler_only,14,0.19833333333333333,0.07751343969488991,3,200,filler_only_scaling_v1
s5,llama,filler_only,15,0.17500000000000002,0.08261355820929153,3,200,filler_only_scaling_v1
s5,llama,filler_only,16,0.14333333333333334,0.11772142257606868,3,200,filler_only_scaling_v1
s5,llama,filler_only,17,0.13833333333333334,0.12493331554606776,3,200,filler_only_scaling_v1
s5,llama,filler_only,18,0.12,0.08499999999999999,3,200,filler_only_scaling_v1
s5,llama,filler_only,19,0.09833333333333333,0.0950438495292217,3,200,filler_only_scaling_v1
s5,llama,public_only_cot,1.0,0.975,0.025980762113533184,3,200,balanced_scaling_original
s5,llama,public_only_cot,2.0,0.4633333333333333,0.03403429642777023,3,200,balanced_scaling_original
s5,llama,public_only_cot,3.0,0.28833333333333333,0.020816659994661316,3,200,balanced_scaling_original
s5,llama,public_only_cot,4.0,0.1416666666666667,0.020207259421636904,3,200,balanced_scaling_original
s5,llama,public_only_cot,5.0,0.08,0.027838821814150108,3,200,balanced_scaling_original
s5,llama,public_only_cot,6.0,0.05333333333333334,0.04072263907623539,3,200,balanced_scaling_original
s5,llama,public_only_cot,7.0,0.03,0.005000000000000001,3,200,balanced_scaling_original
s5,llama,public_only_cot,8.0,0.023333333333333334,0.005773502691896256,3,200,balanced_scaling_original
s5,llama,public_only_cot,9.0,0.006666666666666667,0.005773502691896258,3,200,balanced_scaling_original
s5,llama,public_only_cot,10.0,0.01,0.008660254037844387,3,200,balanced_scaling_original
s5,llama,public_only_cot,11.0,0.016666666666666666,0.007637626158259734,3,200,balanced_scaling_original
s5,llama,public_only_cot,12.0,0.005,0.005,3,200,balanced_scaling_original
s5,llama,public_only_cot,13.0,0.018333333333333333,0.010408329997330663,3,200,balanced_scaling_original
s5,llama,public_only_cot,14.0,0.008333333333333333,0.007637626158259733,3,200,balanced_scaling_original
s5,llama,public_only_cot,15.0,0.008333333333333333,0.005773502691896257,3,200,balanced_scaling_original
s5,llama,public_only_cot,16.0,0.0033333333333333335,0.002886751345948129,3,200,balanced_scaling_original
s5,llama,public_only_cot,17.0,0.008333333333333333,0.007637626158259733,3,200,balanced_scaling_original
s5,llama,public_only_cot,18.0,0.006666666666666667,0.007637626158259733,3,200,balanced_scaling_original
s5,llama,public_only_cot,19.0,0.006666666666666667,0.002886751345948129,3,200,balanced_scaling_original
s5,llama,piggyback,1.0,0.995,0.008660254037844393,3,200,balanced_scaling_original
s5,llama,piggyback,2.0,0.995,0.0050000000000000044,3,200,balanced_scaling_original
s5,llama,piggyback,3.0,0.9966666666666667,0.0028867513459481316,3,200,balanced_scaling_original
s5,llama,piggyback,4.0,0.995,0.0050000000000000044,3,200,balanced_scaling_original
s5,llama,piggyback,5.0,1.0,0.0,3,200,balanced_scaling_original
s5,llama,piggyback,6.0,0.9933333333333333,0.005773502691896263,3,200,balanced_scaling_original
s5,llama,piggyback,7.0,0.9933333333333333,0.00763762615825974,3,200,balanced_scaling_original
s5,llama,piggyback,8.0,0.9916666666666667,0.00763762615825974,3,200,balanced_scaling_original
s5,llama,piggyback,9.0,0.9933333333333333,0.00763762615825974,3,200,balanced_scaling_original
s5,llama,piggyback,10.0,0.9916666666666667,0.010408329997330674,3,200,balanced_scaling_original
s5,llama,piggyback,11.0,0.9916666666666667,0.010408329997330674,3,200,balanced_scaling_original
s5,llama,piggyback,12.0,0.9933333333333333,0.00763762615825974,3,200,balanced_scaling_original
s5,llama,piggyback,13.0,0.9933333333333333,0.00763762615825974,3,200,balanced_scaling_original
s5,llama,piggyback,14.0,0.9916666666666667,0.00763762615825974,3,200,balanced_scaling_original
s5,llama,piggyback,15.0,0.9933333333333333,0.005773502691896263,3,200,balanced_scaling_original
s5,llama,piggyback,16.0,0.9783333333333334,0.022546248764114492,3,200,balanced_scaling_original
s5,llama,piggyback,17.0,0.995,0.0050000000000000044,3,200,balanced_scaling_original
s5,llama,piggyback,18.0,0.9933333333333333,0.00763762615825974,3,200,balanced_scaling_original
s5,llama,piggyback,19.0,0.9866666666666667,0.01527525231651948,3,200,balanced_scaling_original
s5,llama,steganography,1.0,1.0,0.0,3,200,balanced_scaling_original
s5,llama,steganography,2.0,1.0,0.0,3,200,balanced_scaling_original
s5,llama,steganography,3.0,1.0,0.0,3,200,balanced_scaling_original
s5,llama,steganography,4.0,1.0,0.0,3,200,balanced_scaling_original
s5,llama,steganography,5.0,1.0,0.0,3,200,balanced_scaling_original
s5,llama,steganography,6.0,1.0,0.0,3,200,balanced_scaling_original
s5,llama,steganography,7.0,1.0,0.0,3,200,balanced_scaling_original
s5,llama,steganography,8.0,1.0,0.0,3,200,balanced_scaling_original
s5,llama,steganography,9.0,1.0,0.0,3,200,balanced_scaling_original
s5,llama,steganography,10.0,1.0,0.0,3,200,balanced_scaling_original
s5,llama,steganography,11.0,1.0,0.0,3,200,balanced_scaling_original
s5,llama,steganography,12.0,1.0,0.0,3,200,balanced_scaling_original
s5,llama,steganography,13.0,1.0,0.0,3,200,balanced_scaling_original
s5,llama,steganography,14.0,0.9983333333333334,0.0028867513459481316,3,200,balanced_scaling_original
s5,llama,steganography,15.0,1.0,0.0,3,200,balanced_scaling_original
s5,llama,steganography,16.0,0.9983333333333334,0.0028867513459481316,3,200,balanced_scaling_original
s5,llama,steganography,17.0,1.0,0.0,3,200,balanced_scaling_original
s5,llama,steganography,18.0,0.9983333333333334,0.0028867513459481316,3,200,balanced_scaling_original
s5,llama,steganography,19.0,0.9916666666666667,0.014433756729740658,3,200,balanced_scaling_original
s5,llama,filler_public_cot,1.0,0.985,0.010000000000000009,3,200,balanced_scaling_original
s5,llama,filler_public_cot,2.0,0.39166666666666666,0.014433756729740658,3,200,balanced_scaling_original
s5,llama,filler_public_cot,3.0,0.285,0.030413812651491092,3,200,balanced_scaling_original
s5,llama,filler_public_cot,4.0,0.135,0.0050000000000000044,3,200,balanced_scaling_original
s5,llama,filler_public_cot,5.0,0.06833333333333334,0.01527525231651947,3,200,balanced_scaling_original
s5,llama,filler_public_cot,6.0,0.03166666666666667,0.0028867513459481316,3,200,balanced_scaling_original
s5,llama,filler_public_cot,7.0,0.03333333333333333,0.015275252316519468,3,200,balanced_scaling_original
s5,llama,filler_public_cot,8.0,0.03166666666666667,0.017559422921421233,3,200,balanced_scaling_original
s5,llama,filler_public_cot,9.0,0.006666666666666667,0.002886751345948129,3,200,balanced_scaling_original
s5,llama,filler_public_cot,10.0,0.008333333333333333,0.002886751345948129,3,200,balanced_scaling_original
s5,llama,filler_public_cot,11.0,0.01,0.005,3,200,balanced_scaling_original
s5,llama,filler_public_cot,12.0,0.0033333333333333335,0.002886751345948129,3,200,balanced_scaling_original
s5,llama,filler_public_cot,13.0,0.011666666666666667,0.010408329997330663,3,200,balanced_scaling_original
s5,llama,filler_public_cot,14.0,0.011666666666666667,0.007637626158259733,3,200,balanced_scaling_original
s5,llama,filler_public_cot,15.0,0.011666666666666667,0.002886751345948128,3,200,balanced_scaling_original
s5,llama,filler_public_cot,16.0,0.005,0.0,3,200,balanced_scaling_original
s5,llama,filler_public_cot,17.0,0.01,0.005,3,200,balanced_scaling_original
s5,llama,filler_public_cot,18.0,0.013333333333333334,0.007637626158259733,3,200,balanced_scaling_original
s5,llama,filler_public_cot,19.0,0.011666666666666667,0.010408329997330663,3,200,balanced_scaling_original
parity,qwen,vanilla,11.5,0.5166666666666667,0.020816659994661344,3,200,parity_three_seed_original
parity,qwen,vanilla,23.5,0.49333333333333335,0.00763762615825974,3,200,parity_three_seed_original
parity,qwen,vanilla,47.5,0.495,0.0050000000000000044,3,200,parity_three_seed_original
parity,qwen,vanilla,95.5,0.5016666666666667,0.00763762615825974,3,200,parity_three_seed_original
parity,qwen,vanilla,191.5,0.4866666666666667,0.023094010767585018,3,200,parity_three_seed_original
parity,qwen,filler_only,11.5,0.48333333333333334,0.014433756729740658,3,200,filler_only_scaling_v1
parity,qwen,filler_only,23.5,0.465,0.04444097208657795,3,200,filler_only_scaling_v1
parity,qwen,filler_only,47.5,0.505,0.008660254037844393,3,200,filler_only_scaling_v1
parity,qwen,filler_only,95.5,0.5133333333333333,0.023094010767585053,3,200,filler_only_scaling_v1
parity,qwen,filler_only,191.5,0.505,0.008660254037844393,3,200,filler_only_scaling_v1
parity,qwen,public_only_cot,11.5,0.5,0.0050000000000000044,3,200,parity_three_seed_original
parity,qwen,public_only_cot,23.5,0.4816666666666667,0.031754264805429415,3,200,parity_three_seed_original
parity,qwen,public_only_cot,47.5,0.49666666666666665,0.005773502691896263,3,200,parity_three_seed_original
parity,qwen,public_only_cot,95.5,0.4866666666666667,0.018929694486000896,3,200,parity_three_seed_original
parity,qwen,public_only_cot,191.5,0.5066666666666667,0.00763762615825974,3,200,parity_three_seed_original
parity,qwen,piggyback,11.5,1.0,0.0,3,200,parity_three_seed_original
parity,qwen,piggyback,23.5,1.0,0.0,3,200,parity_three_seed_original
parity,qwen,piggyback,47.5,1.0,0.0,3,200,parity_three_seed_original
parity,qwen,piggyback,95.5,1.0,0.0,3,200,parity_three_seed_original
parity,qwen,piggyback,191.5,0.99,0.013228756555322964,3,200,parity_three_seed_original
parity,qwen,steganography,11.5,1.0,0.0,3,200,parity_three_seed_original
parity,qwen,steganography,23.5,1.0,0.0,3,200,parity_three_seed_original
parity,qwen,steganography,47.5,1.0,0.0,3,200,parity_three_seed_original
parity,qwen,steganography,95.5,0.9933333333333333,0.005773502691896263,3,200,parity_three_seed_original
parity,qwen,steganography,191.5,0.9483333333333334,0.04193248541803039,3,200,parity_three_seed_original
parity,qwen,filler_public_cot,11.5,0.5033333333333333,0.0028867513459481316,3,200,parity_three_seed_original
parity,qwen,filler_public_cot,23.5,0.505,0.008660254037844393,3,200,parity_three_seed_original
parity,qwen,filler_public_cot,47.5,0.49833333333333335,0.0028867513459481316,3,200,parity_three_seed_original
parity,qwen,filler_public_cot,95.5,0.515,0.025980762113533184,3,200,parity_three_seed_original
parity,qwen,filler_public_cot,191.5,0.5166666666666667,0.02466441431158126,3,200,parity_three_seed_original
parity,llama,vanilla,11.5,0.5016666666666667,0.00763762615825974,3,200,parity_three_seed_original
parity,llama,vanilla,23.5,0.49666666666666665,0.0028867513459481316,3,200,parity_three_seed_original
parity,llama,vanilla,47.5,0.49666666666666665,0.005773502691896263,3,200,parity_three_seed_original
parity,llama,vanilla,95.5,0.5033333333333333,0.005773502691896263,3,200,parity_three_seed_original
parity,llama,vanilla,191.5,0.495,0.008660254037844393,3,200,parity_three_seed_original
parity,llama,filler_only,11.5,0.49666666666666665,0.01527525231651948,3,200,filler_only_scaling_v1
parity,llama,filler_only,23.5,0.5066666666666667,0.020816659994661348,3,200,filler_only_scaling_v1
parity,llama,filler_only,47.5,0.5216666666666666,0.022546248764114492,3,200,filler_only_scaling_v1
parity,llama,filler_only,95.5,0.5033333333333333,0.020207259421636918,3,200,filler_only_scaling_v1
parity,llama,filler_only,191.5,0.49499999999999994,0.008660254037844393,3,200,filler_only_scaling_v1
parity,llama,public_only_cot,11.5,0.5233333333333333,0.03617089069035114,3,200,parity_three_seed_original
parity,llama,public_only_cot,23.5,0.49666666666666665,0.0028867513459481316,3,200,parity_three_seed_original
parity,llama,public_only_cot,47.5,0.49,0.017320508075688787,3,200,parity_three_seed_original
parity,llama,public_only_cot,95.5,0.495,0.008660254037844393,3,200,parity_three_seed_original
parity,llama,public_only_cot,191.5,0.49333333333333335,0.00763762615825974,3,200,parity_three_seed_original
parity,llama,piggyback,11.5,1.0,0.0,3,200,parity_three_seed_original
parity,llama,piggyback,23.5,1.0,0.0,3,200,parity_three_seed_original
parity,llama,piggyback,47.5,1.0,0.0,3,200,parity_three_seed_original
parity,llama,piggyback,95.5,1.0,0.0,3,200,parity_three_seed_original
parity,llama,piggyback,191.5,1.0,0.0,3,200,parity_three_seed_original
parity,llama,steganography,11.5,1.0,0.0,3,200,parity_three_seed_original
parity,llama,steganography,23.5,1.0,0.0,3,200,parity_three_seed_original
parity,llama,steganography,47.5,1.0,0.0,3,200,parity_three_seed_original
parity,llama,steganography,95.5,1.0,0.0,3,200,parity_three_seed_original
parity,llama,steganography,191.5,0.9983333333333333,0.0028867513459481316,3,200,parity_three_seed_original
parity,llama,filler_public_cot,11.5,0.5016666666666667,0.0028867513459481316,3,200,parity_three_seed_original
parity,llama,filler_public_cot,23.5,0.5033333333333333,0.005773502691896263,3,200,parity_three_seed_original
parity,llama,filler_public_cot,47.5,0.505,0.008660254037844393,3,200,parity_three_seed_original
parity,llama,filler_public_cot,95.5,0.495,0.008660254037844393,3,200,parity_three_seed_original
parity,llama,filler_public_cot,191.5,0.495,0.02291287847477922,3,200,parity_three_seed_original
