task,model,condition,length,mean,sd,n_seeds,n_per_seed
multiplication,llama,piggyback,2.0,59.17,0.0,3,200
multiplication,llama,piggyback,3.0,74.76666666666667,0.011547005383790217,3,200
multiplication,llama,piggyback,4.0,105.19166666666666,0.012583057392114001,3,200
multiplication,llama,steganography,2.0,195.95333333333332,0.23288051299611764,3,200
multiplication,llama,steganography,3.0,298.3566666666667,0.11930353445447771,3,200
multiplication,llama,steganography,4.0,432.945,0.3291276348166639,3,200
multiplication,qwen,piggyback,2.0,77.305,0.0,3,200
multiplication,qwen,piggyback,3.0,115.52666666666667,0.005773502691899211,3,200
multiplication,qwen,piggyback,4.0,166.69833333333332,0.08371578903248524,3,200
multiplication,qwen,steganography,2.0,214.04166666666666,0.028867513459471444,3,200
multiplication,qwen,steganography,3.0,340.15,0.02645751311065407,3,200
multiplication,qwen,steganography,4.0,492.8566666666667,0.5513695070760835,3,200
knowledge,llama,piggyback,1.0,41.15,0.0,3,200
knowledge,llama,piggyback,2.0,68.33,0.0,3,200
knowledge,llama,piggyback,3.0,91.69,0.0,3,200
knowledge,llama,piggyback,4.0,114.56,0.0,3,200
knowledge,llama,piggyback,5.0,137.92,0.0,3,200
knowledge,llama,steganography,1.0,56.95,0.0,3,200
knowledge,llama,steganography,2.0,100.75,0.0,3,200
knowledge,llama,steganography,3.0,141.84333333333333,0.005773502691891007,3,200
knowledge,llama,steganography,4.0,182.48333333333332,0.005773502691907416,3,200
knowledge,llama,steganography,5.0,223.66833333333332,0.0028867513459455035,3,200
knowledge,qwen,piggyback,1.0,43.845,0.0,3,200
knowledge,qwen,piggyback,2.0,74.12,0.0,3,200
knowledge,qwen,piggyback,3.0,100.685,0.0,3,200
knowledge,qwen,piggyback,4.0,126.51,0.0,3,200
knowledge,qwen,piggyback,5.0,152.99,0.0,3,200
knowledge,qwen,steganography,1.0,59.645,0.0,3,200
knowledge,qwen,steganography,2.0,106.545,0.0,3,200
knowledge,qwen,steganography,3.0,150.75,0.0,3,200
knowledge,qwen,steganography,4.0,194.26000000000002,0.01732050807568943,3,200
knowledge,qwen,steganography,5.0,238.61,0.0,3,200
parity,llama,piggyback,11.5,83.5,0.0,3,200
parity,llama,piggyback,23.5,142.7,0.0,3,200
parity,llama,piggyback,47.5,261.095,0.008660254037869328,3,200
parity,llama,piggyback,95.5,497.9,0.0,3,200
parity,llama,piggyback,191.5,933.1,0.0,3,200
parity,llama,steganography,11.5,158.5,0.0,3,200
parity,llama,steganography,23.5,288.74,0.0,3,200
parity,llama,steganography,47.5,549.22,0.0,3,200
parity,llama,steganography,95.5,1070.18,0.0,3,200
parity,llama,steganography,191.5,2027.62,0.0,3,200
parity,qwen,piggyback,11.5,83.5,0.0,3,200
parity,qwen,piggyback,23.5,142.7,0.0,3,200
parity,qwen,piggyback,47.5,261.1,0.0,3,200
parity,qwen,piggyback,95.5,497.9,0.0,3,200
parity,qwen,piggyback,191.5,931.5416666666666,2.777095305050433,3,200
parity,qwen,steganography,11.5,158.5,0.0,3,200
parity,qwen,steganography,23.5,288.74,0.0,3,200
parity,qwen,steganography,47.5,549.1466666666666,0.12701705922173342,3,200
parity,qwen,steganography,95.5,1070.1433333333334,0.05507570547294166,3,200
parity,qwen,steganography,191.5,2026.5233333333333,0.6614819221515478,3,200
s5,qwen,piggyback,1.0,41.81,0.0,3,200
s5,qwen,piggyback,2.0,66.36,0.0,3,200
s5,qwen,piggyback,3.0,91.10333333333334,0.011547005383790217,3,200
s5,qwen,piggyback,4.0,115.42666666666666,0.020816659994664012,3,200
s5,qwen,piggyback,5.0,140.10666666666668,0.005773502691907416,3,200
s5,qwen,piggyback,6.0,164.46,0.030000000000001137,3,200
s5,qwen,piggyback,7.0,188.46666666666667,0.041633319989328024,3,200
s5,qwen,piggyback,8.0,213.63,0.026457513110648697,3,200
s5,qwen,piggyback,9.0,237.90666666666667,0.049328828623166586,3,200
s5,qwen,piggyback,10.0,262.82,0.03464101615137886,3,200
s5,qwen,piggyback,11.0,289.00666666666666,0.04041451884326987,3,200
s5,qwen,piggyback,12.0,313.8733333333333,0.037859388971999926,3,200
s5,qwen,piggyback,13.0,339.4266666666667,0.07234178138070203,3,200
s5,qwen,piggyback,14.0,365.5366666666667,0.0585946527708022,3,200
s5,qwen,piggyback,15.0,390.51666666666665,0.020816659994674254,3,200
s5,qwen,piggyback,16.0,416.2933333333333,0.032145502536646366,3,200
s5,qwen,piggyback,17.0,441.2,0.05291502622127591,3,200
s5,qwen,piggyback,18.0,467.09666666666664,0.11015141094570614,3,200
s5,qwen,piggyback,19.0,492.8633333333333,0.03055050463304216,3,200
s5,qwen,steganography,1.0,62.12,0.0,3,200
s5,qwen,steganography,2.0,94.94,0.0,3,200
s5,qwen,steganography,3.0,127.62333333333333,0.005773502691891007,3,200
s5,qwen,steganography,4.0,160.265,0.0,3,200
s5,qwen,steganography,5.0,193.29,0.00866025403783651,3,200
s5,qwen,steganography,6.0,225.82333333333335,0.005773502691907416,3,200
s5,qwen,steganography,7.0,258.745,0.0,3,200
s5,qwen,steganography,8.0,291.44166666666666,0.014433756729727517,3,200
s5,qwen,steganography,9.0,324.16499999999996,0.01732050807570584,3,200
s5,qwen,steganography,10.0,357.8416666666667,0.0577350269189757,3,200
s5,qwen,steganography,11.0,391.77833333333336,0.011547005383814831,3,200
s5,qwen,steganography,12.0,425.3883333333333,0.011547005383782014,3,200
s5,qwen,steganography,13.0,459.205,0.01732050807567302,3,200
s5,qwen,steganography,14.0,492.67,0.0,3,200
s5,qwen,steganography,15.0,526.5133333333333,0.020207259421618523,3,200
s5,qwen,steganography,16.0,560.36,0.0,3,200
s5,qwen,steganography,17.0,594.3100000000001,0.017320508075738657,3,200
s5,qwen,steganography,18.0,627.7416666666667,0.011547005383782014,3,200
s5,qwen,steganography,19.0,661.75,0.0,3,200
s5,llama,piggyback,1.0,41.803333333333335,0.005773502691899211,3,200
s5,llama,piggyback,2.0,66.30666666666667,0.005773502691899211,3,200
s5,llama,piggyback,3.0,90.99666666666667,0.011547005383798423,3,200
s5,llama,piggyback,4.0,115.37333333333333,0.011547005383790217,3,200
s5,llama,piggyback,5.0,140.04999999999998,0.01732050807568943,3,200
s5,llama,piggyback,6.0,164.38,0.0,3,200
s5,llama,piggyback,7.0,188.35666666666665,0.020816659994658322,3,200
s5,llama,piggyback,8.0,213.4766666666667,0.020816659994658322,3,200
s5,llama,piggyback,9.0,237.68999999999997,0.0,3,200
s5,llama,piggyback,10.0,261.63666666666666,0.023094010767564028,3,200
s5,llama,piggyback,11.0,286.87,0.01732050807567302,3,200
s5,llama,piggyback,12.0,310.71666666666664,0.037859388971999926,3,200
s5,llama,piggyback,13.0,335.1033333333333,0.020816659994674254,3,200
s5,llama,piggyback,14.0,360.31,0.009999999999990905,3,200
s5,llama,piggyback,15.0,384.27666666666664,0.023094010767596845,3,200
s5,llama,piggyback,16.0,409.05,0.06082762530299229,3,200
s5,llama,piggyback,17.0,432.7633333333333,0.005773502691891007,3,200
s5,llama,piggyback,18.0,457.87000000000006,0.04358898943541925,3,200
s5,llama,piggyback,19.0,482.4783333333333,0.11644025649803624,3,200
s5,llama,steganography,1.0,62.10999999999999,0.0,3,200
s5,llama,steganography,2.0,94.91000000000001,0.0,3,200
s5,llama,steganography,3.0,127.57333333333334,0.011547005383790217,3,200
s5,llama,steganography,4.0,160.23999999999998,0.01732050807568943,3,200
s5,llama,steganography,5.0,193.245,0.009999999999990905,3,200
s5,llama,steganography,6.0,225.75166666666667,0.02516611478424118,3,200
s5,llama,steganography,7.0,258.7,0.00866025403783651,3,200
s5,llama,steganography,8.0,291.40000000000003,0.02645751311065407,3,200
s5,llama,steganography,9.0,324.08666666666664,0.007637626158283797,3,200
s5,llama,steganography,10.0,356.785,0.010000000000019327,3,200
s5,llama,steganography,11.0,389.635,0.0390512483795487,3,200
s5,llama,steganography,12.0,422.25499999999994,0.026457513110621843,3,200
s5,llama,steganography,13.0,455.09499999999997,0.013228756555343148,3,200
s5,llama,steganography,14.0,487.5733333333333,0.020816659994642394,3,200
s5,llama,steganography,15.0,520.4366666666666,0.01607275126837181,3,200
s5,llama,steganography,16.0,553.2666666666667,0.03214550253661395,3,200
s5,llama,steganography,17.0,586.1533333333333,0.05057996968493239,3,200
s5,llama,steganography,18.0,618.6383333333333,0.05965176722719002,3,200
s5,llama,steganography,19.0,651.6116666666667,0.03329164059236669,3,200
